old_name,new_name
weWrapper,weWrapper
bfbWrapper,bfbWrapper
bjkWrapper,bjkWrapper
bzcWrapper,bzcWrapper
egnWrapper,egnWrapper
kdWrapper,kdWrapper
ekgWrapper,ekgWrapper
gmWrapper,gmWrapper
cnmWrapper,cnmWrapper
flgWrapper,flgWrapper
cbdWrapper,cbdWrapper
aqjWrapper,aqjWrapper
doaWrapper,doaWrapper
aabWrapper,aabWrapper
dchWrapper,dchWrapper
amkWrapper,amkWrapper
crlWrapper,crlWrapper
bysWrapper,bysWrapper
buzWrapper,buzWrapper
htWrapper,htWrapper
tuWrapper,tuWrapper
etvWrapper,etvWrapper
dlqWrapper,dlqWrapper
abrWrapper,abrWrapper
catWrapper,catWrapper
dppWrapper,dppWrapper
arzWrapper,arzWrapper
fgdWrapper,fgdWrapper
fkmWrapper,fkmWrapper
dxcWrapper,dxcWrapper
dtjWrapper,dtjWrapper
afhWrapper,afhWrapper
dhkWrapper,dhkWrapper
ajaWrapper,ajaWrapper
ddbWrapper,ddbWrapper
cyoWrapper,cyoWrapper
cufWrapper,cufWrapper
eplWrapper,eplWrapper
poWrapper,poWrapper
bahWrapper,bahWrapper
bmaWrapper,bmaWrapper
lnWrapper,lnWrapper
elmWrapper,elmWrapper
aiqWrapper,aiqWrapper
aexWrapper,aexWrapper
cvvWrapper,cvvWrapper
fxuWrapper,fxuWrapper
fdtWrapper,fdtWrapper
ayyWrapper,ayyWrapper
dwzWrapper,dwzWrapper
aupWrapper,aupWrapper
cwWrapper,cwWrapper
ectWrapper,ectWrapper
bnqWrapper,bnqWrapper
bbxWrapper,bbxWrapper
bouWrapper,bouWrapper
erxWrapper,erxWrapper
ebpWrapper,ebpWrapper
nzWrapper,nzWrapper
enyWrapper,enyWrapper
bsWrapper,bsWrapper
bstWrapper,bstWrapper
dzwWrapper,dzwWrapper
attWrapper,attWrapper
cksWrapper,cksWrapper
fiyWrapper,fiyWrapper
cgzWrapper,cgzWrapper
fuxWrapper,fuxWrapper
fyqWrapper,fyqWrapper
cwrWrapper,cwrWrapper
dfvWrapper,dfvWrapper
ahuWrapper,ahuWrapper
emiWrapper,emiWrapper
bpdWrapper,bpdWrapper
bleWrapper,bleWrapper
qkWrapper,qkWrapper
eqhWrapper,eqhWrapper
fzaWrapper,fzaWrapper
ctbWrapper,ctbWrapper
fvhWrapper,fvhWrapper
cxkWrapper,cxkWrapper
defWrapper,defWrapper
akeWrapper,akeWrapper
aglWrapper,aglWrapper
dunWrapper,dunWrapper
dygWrapper,dygWrapper
awdWrapper,awdWrapper
fjiWrapper,fjiWrapper
cdjWrapper,cdjWrapper
chcWrapper,chcWrapper
dqtWrapper,dqtWrapper
clyWrapper,clyWrapper
fbzWrapper,fbzWrapper
fnsWrapper,fnsWrapper
cpxWrapper,cpxWrapper
acvWrapper,acvWrapper
dmuWrapper,dmuWrapper
bdvWrapper,bdvWrapper
yxWrapper,yxWrapper
eurWrapper,eurWrapper
uqWrapper,uqWrapper
ipWrapper,ipWrapper
eezWrapper,eezWrapper
eyWrapper,eyWrapper
bxwWrapper,bxwWrapper
cshWrapper,cshWrapper
aloWrapper,aloWrapper
dblWrapper,dblWrapper
dneWrapper,dneWrapper
drdWrapper,drdWrapper
apnWrapper,apnWrapper
fmcWrapper,fmcWrapper
coiWrapper,coiWrapper
fajWrapper,fajWrapper
fiWrapper,fiWrapper
ejcWrapper,ejcWrapper
efjWrapper,efjWrapper
bwnWrapper,bwnWrapper
dWrapper,dWrapper
bkoWrapper,bkoWrapper
vaWrapper,vaWrapper
zhWrapper,zhWrapper
bquWrapper,bquWrapper
elxWrapper,elxWrapper
pzWrapper,pzWrapper
epyWrapper,epyWrapper
bmtWrapper,bmtWrapper
ddwWrapper,ddwWrapper
ajtWrapper,ajtWrapper
cusWrapper,cusWrapper
fwyWrapper,fwyWrapper
cyzWrapper,cyzWrapper
fkxWrapper,fkxWrapper
fgqWrapper,fgqWrapper
dxvWrapper,dxvWrapper
avuWrapper,avuWrapper
esiWrapper,esiWrapper
bbmWrapper,bbmWrapper
bndWrapper,bndWrapper
ecaWrapper,ecaWrapper
okWrapper,okWrapper
eohWrapper,eohWrapper
cbWrapper,cbWrapper
fdaWrapper,fdaWrapper
cjbWrapper,cjbWrapper
fhhWrapper,fhhWrapper
cfkWrapper,cfkWrapper
aueWrapper,aueWrapper
dwoWrapper,dwoWrapper
aylWrapper,aylWrapper
dknWrapper,dknWrapper
aemWrapper,aemWrapper
aidWrapper,aidWrapper
czjWrapper,czjWrapper
cvcWrapper,cvcWrapper
aawWrapper,aawWrapper
dotWrapper,dotWrapper
cryWrapper,cryWrapper
cbqWrapper,cbqWrapper
flrWrapper,flrWrapper
cnxWrapper,cnxWrapper
dsuWrapper,dsuWrapper
bzvWrapper,bzvWrapper
gxWrapper,gxWrapper
ekrWrapper,ekrWrapper
kqWrapper,kqWrapper
wpWrapper,wpWrapper
bfwWrapper,bfwWrapper
cmhWrapper,cmhWrapper
fckWrapper,fckWrapper
caaWrapper,caaWrapper
aroWrapper,aroWrapper
abgWrapper,abgWrapper
dldWrapper,dldWrapper
annWrapper,annWrapper
fscWrapper,fscWrapper
cqiWrapper,cqiWrapper
xiWrapper,xiWrapper
etcWrapper,etcWrapper
exjWrapper,exjWrapper
begWrapper,begWrapper
binWrapper,binWrapper
buoWrapper,buoWrapper
byfWrapper,byfWrapper
edkWrapper,edkWrapper
dhWrapper,dhWrapper
ehbWrapper,ehbWrapper
eifWrapper,eifWrapper
elWrapper,elWrapper
eeoWrapper,eeoWrapper
ieWrapper,ieWrapper
btkWrapper,btkWrapper
bdcWrapper,bdcWrapper
eynWrapper,eynWrapper
udWrapper,udWrapper
eugWrapper,eugWrapper
ymWrapper,ymWrapper
cpmWrapper,cpmWrapper
daiWrapper,daiWrapper
aojWrapper,aojWrapper
dqaWrapper,dqaWrapper
fnfWrapper,fnfWrapper
fboWrapper,fboWrapper
cllWrapper,cllWrapper
bgsWrapper,bgsWrapper
bkzWrapper,bkzWrapper
vtWrapper,vtWrapper
ejvWrapper,ejvWrapper
qWrapper,qWrapper
drqWrapper,drqWrapper
ccuWrapper,ccuWrapper
dnpWrapper,dnpWrapper
dbyWrapper,dbyWrapper
alzWrapper,alzWrapper
cwgWrapper,cwgWrapper
fydWrapper,fydWrapper
fumWrapper,fumWrapper
dfcWrapper,dfcWrapper
adiWrapper,adiWrapper
djjWrapper,djjWrapper
axhWrapper,axhWrapper
dvkWrapper,dvkWrapper
ataWrapper,ataWrapper
dzbWrapper,dzbWrapper
cgoWrapper,cgoWrapper
filWrapper,filWrapper
ckfWrapper,ckfWrapper
feeWrapper,feeWrapper
bfWrapper,bfWrapper
enlWrapper,enlWrapper
noWrapper,noWrapper
ebeWrapper,ebeWrapper
bsaWrapper,bsaWrapper
gacWrapper,gacWrapper
bciWrapper,bciWrapper
rnWrapper,rnWrapper
ermWrapper,ermWrapper
awqWrapper,awqWrapper
dyrWrapper,dyrWrapper
chvWrapper,chvWrapper
ctwWrapper,ctwWrapper
fztWrapper,fztWrapper
agyWrapper,agyWrapper
dizWrapper,dizWrapper
akpWrapper,akpWrapper
desWrapper,desWrapper
blpWrapper,blpWrapper
eauWrapper,eauWrapper
avWrapper,avWrapper
bpqWrapper,bpqWrapper
fozWrapper,fozWrapper
cayWrapper,cayWrapper
fcsWrapper,fcsWrapper
cmpWrapper,cmpWrapper
cqqWrapper,cqqWrapper
anvWrapper,anvWrapper
bivWrapper,bivWrapper
exrWrapper,exrWrapper
txWrapper,txWrapper
xqWrapper,xqWrapper
ehzWrapper,ehzWrapper
dpWrapper,dpWrapper
edsWrapper,edsWrapper
hyWrapper,hyWrapper
craWrapper,craWrapper
aaoWrapper,aaoWrapper
amfWrapper,amfWrapper
aqgWrapper,aqgWrapper
fljWrapper,fljWrapper
cbiWrapper,cbiWrapper
egcWrapper,egcWrapper
kiWrapper,kiWrapper
bvgWrapper,bvgWrapper
bznWrapper,bznWrapper
bjfWrapper,bjfWrapper
whWrapper,whWrapper
bbuWrapper,bbuWrapper
srWrapper,srWrapper
esqWrapper,esqWrapper
czWrapper,czWrapper
eopWrapper,eopWrapper
osWrapper,osWrapper
ecyWrapper,ecyWrapper
dwwWrapper,dwwWrapper
cfsWrapper,cfsWrapper
fhpWrapper,fhpWrapper
cjzWrapper,cjzWrapper
fdyWrapper,fdyWrapper
fxxWrapper,fxxWrapper
czrWrapper,czrWrapper
aeuWrapper,aeuWrapper
dkvWrapper,dkvWrapper
bqmWrapper,bqmWrapper
bmlWrapper,bmlWrapper
epaWrapper,epaWrapper
pbWrapper,pbWrapper
cybWrapper,cybWrapper
fwaWrapper,fwaWrapper
cukWrapper,cukWrapper
afeWrapper,afeWrapper
dhfWrapper,dhfWrapper
ajlWrapper,ajlWrapper
ddoWrapper,ddoWrapper
avmWrapper,avmWrapper
dxnWrapper,dxnWrapper
azdWrapper,azdWrapper
dtgWrapper,dtgWrapper
cijWrapper,cijWrapper
fgiWrapper,fgiWrapper
cecWrapper,cecWrapper
fjdWrapper,fjdWrapper
ffmWrapper,ffmWrapper
chnWrapper,chnWrapper
ducWrapper,ducWrapper
dyjWrapper,dyjWrapper
awiWrapper,awiWrapper
dekWrapper,dekWrapper
dibWrapper,dibWrapper
agaWrapper,agaWrapper
fzlWrapper,fzlWrapper
ctoWrapper,ctoWrapper
fveWrapper,fveWrapper
cxfWrapper,cxfWrapper
qfWrapper,qfWrapper
eqeWrapper,eqeWrapper
bpiWrapper,bpiWrapper
emdWrapper,emdWrapper
eamWrapper,eamWrapper
mgWrapper,mgWrapper
djrWrapper,djrWrapper
ahxWrapper,ahxWrapper
fitWrapper,fitWrapper
cgwWrapper,cgwWrapper
dzzWrapper,dzzWrapper
atyWrapper,atyWrapper
dvsWrapper,dvsWrapper
axpWrapper,axpWrapper
bsyWrapper,bsyWrapper
nwWrapper,nwWrapper
entWrapper,entWrapper
rvWrapper,rvWrapper
bcqWrapper,bcqWrapper
boxWrapper,boxWrapper
vlWrapper,vlWrapper
ezfWrapper,ezfWrapper
zeWrapper,zeWrapper
evoWrapper,evoWrapper
bkbWrapper,bkbWrapper
bgkWrapper,bgkWrapper
bwcWrapper,bwcWrapper
iWrapper,iWrapper
fdWrapper,fdWrapper
ejnWrapper,ejnWrapper
jmWrapper,jmWrapper
efgWrapper,efgWrapper
ccmWrapper,ccmWrapper
codWrapper,codWrapper
fagWrapper,fagWrapper
driWrapper,driWrapper
apcWrapper,apcWrapper
albWrapper,albWrapper
dbaWrapper,dbaWrapper
dnhWrapper,dnhWrapper
cseWrapper,cseWrapper
btsWrapper,btsWrapper
bxzWrapper,bxzWrapper
eewWrapper,eewWrapper
etWrapper,etWrapper
yuWrapper,yuWrapper
bhrWrapper,bhrWrapper
dmxWrapper,dmxWrapper
aorWrapper,aorWrapper
daqWrapper,daqWrapper
cpuWrapper,cpuWrapper
cltWrapper,cltWrapper
fbwWrapper,fbwWrapper
assWrapper,assWrapper
dqyWrapper,dqyWrapper
ftdWrapper,ftdWrapper
czgWrapper,czgWrapper
fxmWrapper,fxmWrapper
cvnWrapper,cvnWrapper
dkcWrapper,dkcWrapper
dgjWrapper,dgjWrapper
aiiWrapper,aiiWrapper
auhWrapper,auhWrapper
dwbWrapper,dwbWrapper
ayaWrapper,ayaWrapper
fdlWrapper,fdlWrapper
cjoWrapper,cjoWrapper
fheWrapper,fheWrapper
cffWrapper,cffWrapper
eclWrapper,eclWrapper
ofWrapper,ofWrapper
eoeWrapper,eoeWrapper
coWrapper,coWrapper
bniWrapper,bniWrapper
esdWrapper,esdWrapper
sgWrapper,sgWrapper
dtrWrapper,dtrWrapper
azqWrapper,azqWrapper
avxWrapper,avxWrapper
fkuWrapper,fkuWrapper
cevWrapper,cevWrapper
fwtWrapper,fwtWrapper
cywWrapper,cywWrapper
ddzWrapper,ddzWrapper
ajyWrapper,ajyWrapper
dhsWrapper,dhsWrapper
afpWrapper,afpWrapper
bmyWrapper,bmyWrapper
bapWrapper,bapWrapper
pwWrapper,pwWrapper
eptWrapper,eptWrapper
eluWrapper,eluWrapper
lvWrapper,lvWrapper
bqxWrapper,bqxWrapper
hlWrapper,hlWrapper
edfWrapper,edfWrapper
deWrapper,deWrapper
ehoWrapper,ehoWrapper
bubWrapper,bubWrapper
bejWrapper,bejWrapper
bicWrapper,bicWrapper
xdWrapper,xdWrapper
tmWrapper,tmWrapper
exgWrapper,exgWrapper
fsnWrapper,fsnWrapper
cqdWrapper,cqdWrapper
abjWrapper,abjWrapper
dliWrapper,dliWrapper
ancWrapper,ancWrapper
arbWrapper,arbWrapper
dphWrapper,dphWrapper
cmeWrapper,cmeWrapper
fcfWrapper,fcfWrapper
calWrapper,calWrapper
bjsWrapper,bjsWrapper
bfzWrapper,bfzWrapper
guWrapper,guWrapper
egvWrapper,egvWrapper
bvrWrapper,bvrWrapper
dsxWrapper,dsxWrapper
cnuWrapper,cnuWrapper
crtWrapper,crtWrapper
amsWrapper,amsWrapper
aazWrapper,aazWrapper
doyWrapper,doyWrapper
dbtWrapper,dbtWrapper
alwWrapper,alwWrapper
cspWrapper,cspWrapper
farWrapper,farWrapper
coqWrapper,coqWrapper
ccxWrapper,ccxWrapper
apvWrapper,apvWrapper
bwvWrapper,bwvWrapper
efrWrapper,efrWrapper
jxWrapper,jxWrapper
fqWrapper,fqWrapper
evzWrapper,evzWrapper
zpWrapper,zpWrapper
ezsWrapper,ezsWrapper
vyWrapper,vyWrapper
bkwWrapper,bkwWrapper
fnkWrapper,fnkWrapper
fbbWrapper,fbbWrapper
claWrapper,claWrapper
dqlWrapper,dqlWrapper
asfWrapper,asfWrapper
dadWrapper,dadWrapper
aogWrapper,aogWrapper
dmmWrapper,dmmWrapper
acnWrapper,acnWrapper
frjWrapper,frjWrapper
eujWrapper,eujWrapper
bhgWrapper,bhgWrapper
bdnWrapper,bdnWrapper
bxoWrapper,bxoWrapper
eikWrapper,eikWrapper
eaWrapper,eaWrapper
ihWrapper,ihWrapper
mrWrapper,mrWrapper
eaxWrapper,eaxWrapper
emqWrapper,emqWrapper
eqpWrapper,eqpWrapper
qsWrapper,qsWrapper
agtWrapper,agtWrapper
diwWrapper,diwWrapper
cxsWrapper,cxsWrapper
ctzWrapper,ctzWrapper
fzyWrapper,fzyWrapper
cdrWrapper,cdrWrapper
duvWrapper,duvWrapper
rcWrapper,rcWrapper
bomWrapper,bomWrapper
ganWrapper,ganWrapper
bcdWrapper,bcdWrapper
bslWrapper,bslWrapper
bkWrapper,bkWrapper
nbWrapper,nbWrapper
ebhWrapper,ebhWrapper
cgbWrapper,cgbWrapper
fiaWrapper,fiaWrapper
ckkWrapper,ckkWrapper
fehWrapper,fehWrapper
axeWrapper,axeWrapper
dvfWrapper,dvfWrapper
atlWrapper,atlWrapper
dzoWrapper,dzoWrapper
ahmWrapper,ahmWrapper
dfnWrapper,dfnWrapper
addWrapper,addWrapper
djgWrapper,djgWrapper
cwjWrapper,cwjWrapper
fyiWrapper,fyiWrapper
kwWrapper,kwWrapper
bvyWrapper,bvyWrapper
bzpWrapper,bzpWrapper
bfqWrapper,bfqWrapper
bjxWrapper,bjxWrapper
wvWrapper,wvWrapper
fpuWrapper,fpuWrapper
aaqWrapper,aaqWrapper
dorWrapper,dorWrapper
amxWrapper,amxWrapper
aqyWrapper,aqyWrapper
dssWrapper,dssWrapper
cbwWrapper,cbwWrapper
fltWrapper,fltWrapper
bihWrapper,bihWrapper
beaWrapper,beaWrapper
tfWrapper,tfWrapper
exlWrapper,exlWrapper
xoWrapper,xoWrapper
eteWrapper,eteWrapper
dnWrapper,dnWrapper
hgWrapper,hgWrapper
edmWrapper,edmWrapper
buiWrapper,buiWrapper
dpcWrapper,dpcWrapper
ariWrapper,ariWrapper
cagWrapper,cagWrapper
fodWrapper,fodWrapper
cmnWrapper,cmnWrapper
fcmWrapper,fcmWrapper
cqoWrapper,cqoWrapper
fseWrapper,fseWrapper
anhWrapper,anhWrapper
dlbWrapper,dlbWrapper
cuuWrapper,cuuWrapper
dhxWrapper,dhxWrapper
ddqWrapper,ddqWrapper
ajrWrapper,ajrWrapper
avsWrapper,avsWrapper
dtyWrapper,dtyWrapper
azzWrapper,azzWrapper
fgwWrapper,fgwWrapper
citWrapper,citWrapper
bqsWrapper,bqsWrapper
bmrWrapper,bmrWrapper
dwiWrapper,dwiWrapper
aucWrapper,aucWrapper
fhnWrapper,fhnWrapper
cfmWrapper,cfmWrapper
fdgWrapper,fdgWrapper
cjdWrapper,cjdWrapper
cveWrapper,cveWrapper
czlWrapper,czlWrapper
dgaWrapper,dgaWrapper
aibWrapper,aibWrapper
dkhWrapper,dkhWrapper
aekWrapper,aekWrapper
bnbWrapper,bnbWrapper
bbkWrapper,bbkWrapper
slWrapper,slWrapper
eonWrapper,eonWrapper
cdWrapper,cdWrapper
ecgWrapper,ecgWrapper
omWrapper,omWrapper
brcWrapper,brcWrapper
bsgWrapper,bsgWrapper
niWrapper,niWrapper
ebcWrapper,ebcWrapper
enjWrapper,enjWrapper
erkWrapper,erkWrapper
rhWrapper,rhWrapper
bcoWrapper,bcoWrapper
bofWrapper,bofWrapper
gaeWrapper,gaeWrapper
adoWrapper,adoWrapper
djlWrapper,djlWrapper
ahfWrapper,ahfWrapper
dfeWrapper,dfeWrapper
fukWrapper,fukWrapper
cwaWrapper,cwaWrapper
fybWrapper,fybWrapper
fecWrapper,fecWrapper
cgiWrapper,cgiWrapper
fijWrapper,fijWrapper
atgWrapper,atgWrapper
dzdWrapper,dzdWrapper
axnWrapper,axnWrapper
dvmWrapper,dvmWrapper
qxWrapper,qxWrapper
blvWrapper,blvWrapper
bpwWrapper,bpwWrapper
apWrapper,apWrapper
emzWrapper,emzWrapper
myWrapper,myWrapper
easWrapper,easWrapper
cdyWrapper,cdyWrapper
fjzWrapper,fjzWrapper
chpWrapper,chpWrapper
ffsWrapper,ffsWrapper
awwWrapper,awwWrapper
dytWrapper,dytWrapper
akvWrapper,akvWrapper
deuWrapper,deuWrapper
ctqWrapper,ctqWrapper
fzrWrapper,fzrWrapper
cxxWrapper,cxxWrapper
dmfWrapper,dmfWrapper
daoWrapper,daoWrapper
aolWrapper,aolWrapper
cpkWrapper,cpkWrapper
fbiWrapper,fbiWrapper
cljWrapper,cljWrapper
dqgWrapper,dqgWrapper
btmWrapper,btmWrapper
bxdWrapper,bxdWrapper
eeiWrapper,eeiWrapper
ejWrapper,ejWrapper
euaWrapper,euaWrapper
ykWrapper,ykWrapper
eyhWrapper,eyhWrapper
ubWrapper,ubWrapper
bdeWrapper,bdeWrapper
bhlWrapper,bhlWrapper
fmpWrapper,fmpWrapper
ccsWrapper,ccsWrapper
fayWrapper,fayWrapper
cozWrapper,cozWrapper
drwWrapper,drwWrapper
dnvWrapper,dnvWrapper
vrWrapper,vrWrapper
bguWrapper,bguWrapper
wWrapper,wWrapper
ejpWrapper,ejpWrapper
efyWrapper,efyWrapper
bmgWrapper,bmgWrapper
banWrapper,banWrapper
piWrapper,piWrapper
epjWrapper,epjWrapper
lhWrapper,lhWrapper
bqfWrapper,bqfWrapper
dtlWrapper,dtlWrapper
avfWrapper,avfWrapper
dxeWrapper,dxeWrapper
cehWrapper,cehWrapper
fkkWrapper,fkkWrapper
fgbWrapper,fgbWrapper
cyiWrapper,cyiWrapper
afnWrapper,afnWrapper
dhmWrapper,dhmWrapper
oxWrapper,oxWrapper
ecrWrapper,ecrWrapper
cqWrapper,cqWrapper
brvWrapper,brvWrapper
bnwWrapper,bnwWrapper
eszWrapper,eszWrapper
syWrapper,syWrapper
czyWrapper,czyWrapper
cvpWrapper,cvpWrapper
fxsWrapper,fxsWrapper
aiwWrapper,aiwWrapper
dgtWrapper,dgtWrapper
auvWrapper,auvWrapper
cjqWrapper,cjqWrapper
fdrWrapper,fdrWrapper
cfxWrapper,cfxWrapper
dsfWrapper,dsfWrapper
aqlWrapper,aqlWrapper
flaWrapper,flaWrapper
cbbWrapper,cbbWrapper
cnkWrapper,cnkWrapper
crjWrapper,crjWrapper
ammWrapper,ammWrapper
dogWrapper,dogWrapper
aadWrapper,aadWrapper
bjmWrapper,bjmWrapper
wcWrapper,wcWrapper
ekaWrapper,ekaWrapper
eghWrapper,eghWrapper
bzeWrapper,bzeWrapper
bvlWrapper,bvlWrapper
cqzWrapper,cqzWrapper
dlwWrapper,dlwWrapper
abtWrapper,abtWrapper
dpvWrapper,dpvWrapper
fcxWrapper,fcxWrapper
carWrapper,carWrapper
edxWrapper,edxWrapper
ehqWrapper,ehqWrapper
byuWrapper,byuWrapper
etpWrapper,etpWrapper
xzWrapper,xzWrapper
exyWrapper,exyWrapper
tsWrapper,tsWrapper
uwWrapper,uwWrapper
eutWrapper,eutWrapper
bhyWrapper,bhyWrapper
bdpWrapper,bdpWrapper
btxWrapper,btxWrapper
ivWrapper,ivWrapper
fnuWrapper,fnuWrapper
asxWrapper,asxWrapper
aoyWrapper,aoyWrapper
dazWrapper,dazWrapper
acpWrapper,acpWrapper
dmsWrapper,dmsWrapper
bwhWrapper,bwhWrapper
bWrapper,bWrapper
jfWrapper,jfWrapper
foWrapper,foWrapper
znWrapper,znWrapper
vgWrapper,vgWrapper
bkiWrapper,bkiWrapper
dncWrapper,dncWrapper
aliWrapper,aliWrapper
dbjWrapper,dbjWrapper
csnWrapper,csnWrapper
cooWrapper,cooWrapper
falWrapper,falWrapper
ccfWrapper,ccfWrapper
fmeWrapper,fmeWrapper
aphWrapper,aphWrapper
drbWrapper,drbWrapper
fevWrapper,fevWrapper
ckuWrapper,ckuWrapper
dvxWrapper,dvxWrapper
dzqWrapper,dzqWrapper
atrWrapper,atrWrapper
ahsWrapper,ahsWrapper
djyWrapper,djyWrapper
adzWrapper,adzWrapper
fywWrapper,fywWrapper
cwtWrapper,cwtWrapper
bosWrapper,bosWrapper
bczWrapper,bczWrapper
buWrapper,buWrapper
ebvWrapper,ebvWrapper
diiWrapper,diiWrapper
agjWrapper,agjWrapper
fvnWrapper,fvnWrapper
cxmWrapper,cxmWrapper
fzgWrapper,fzgWrapper
ctdWrapper,ctdWrapper
fffWrapper,fffWrapper
cheWrapper,cheWrapper
dyaWrapper,dyaWrapper
awbWrapper,awbWrapper
duhWrapper,duhWrapper
bpbWrapper,bpbWrapper
eafWrapper,eafWrapper
mlWrapper,mlWrapper
emoWrapper,emoWrapper
aeWrapper,aeWrapper
eqnWrapper,eqnWrapper
qmWrapper,qmWrapper
blcWrapper,blcWrapper
aneWrapper,aneWrapper
ablWrapper,ablWrapper
dloWrapper,dloWrapper
cqbWrapper,cqbWrapper
fshWrapper,fshWrapper
cajWrapper,cajWrapper
cmcWrapper,cmcWrapper
budWrapper,budWrapper
dcWrapper,dcWrapper
ehiWrapper,ehiWrapper
hjWrapper,hjWrapper
tkWrapper,tkWrapper
xbWrapper,xbWrapper
ethWrapper,ethWrapper
bieWrapper,bieWrapper
cnsWrapper,cnsWrapper
cbzWrapper,cbzWrapper
flyWrapper,flyWrapper
aqtWrapper,aqtWrapper
amuWrapper,amuWrapper
dcvWrapper,dcvWrapper
crrWrapper,crrWrapper
bjuWrapper,bjuWrapper
bvtWrapper,bvtWrapper
kzWrapper,kzWrapper
egpWrapper,egpWrapper
ekyWrapper,ekyWrapper
brnWrapper,brnWrapper
eocWrapper,eocWrapper
ciWrapper,ciWrapper
ecjWrapper,ecjWrapper
saWrapper,saWrapper
esbWrapper,esbWrapper
bnoWrapper,bnoWrapper
dglWrapper,dglWrapper
aioWrapper,aioWrapper
dkeWrapper,dkeWrapper
aefWrapper,aefWrapper
fxkWrapper,fxkWrapper
cvhWrapper,cvhWrapper
ftbWrapper,ftbWrapper
czaWrapper,czaWrapper
fhcWrapper,fhcWrapper
fdjWrapper,fdjWrapper
cjiWrapper,cjiWrapper
aygWrapper,aygWrapper
aunWrapper,aunWrapper
eprWrapper,eprWrapper
pqWrapper,pqWrapper
bavWrapper,bavWrapper
lpWrapper,lpWrapper
elsWrapper,elsWrapper
fgzWrapper,fgzWrapper
ciyWrapper,ciyWrapper
fksWrapper,fksWrapper
cepWrapper,cepWrapper
dttWrapper,dttWrapper
dhuWrapper,dhuWrapper
afvWrapper,afvWrapper
fwrWrapper,fwrWrapper
cyqWrapper,cyqWrapper
cuxWrapper,cuxWrapper
cxuWrapper,cxuWrapper
fvvWrapper,fvvWrapper
dexWrapper,dexWrapper
agrWrapper,agrWrapper
diqWrapper,diqWrapper
dupWrapper,dupWrapper
awzWrapper,awzWrapper
dyyWrapper,dyyWrapper
cdtWrapper,cdtWrapper
fjwWrapper,fjwWrapper
emwWrapper,emwWrapper
mtWrapper,mtWrapper
bpzWrapper,bpzWrapper
quWrapper,quWrapper
atjWrapper,atjWrapper
dziWrapper,dziWrapper
ckmWrapper,ckmWrapper
fenWrapper,fenWrapper
cgdWrapper,cgdWrapper
figWrapper,figWrapper
cwlWrapper,cwlWrapper
fyoWrapper,fyoWrapper
adbWrapper,adbWrapper
djaWrapper,djaWrapper
bcbWrapper,bcbWrapper
bokWrapper,bokWrapper
erfWrapper,erfWrapper
reWrapper,reWrapper
ndWrapper,ndWrapper
ebnWrapper,ebnWrapper
bmWrapper,bmWrapper
bsjWrapper,bsjWrapper
fwWrapper,fwWrapper
eftWrapper,eftWrapper
zWrapper,zWrapper
bwpWrapper,bwpWrapper
bkqWrapper,bkqWrapper
bgxWrapper,bgxWrapper
ezuWrapper,ezuWrapper
zvWrapper,zvWrapper
csvWrapper,csvWrapper
alqWrapper,alqWrapper
drzWrapper,drzWrapper
appWrapper,appWrapper
fatWrapper,fatWrapper
cowWrapper,cowWrapper
bdhWrapper,bdhWrapper
eulWrapper,eulWrapper
yfWrapper,yfWrapper
eyeWrapper,eyeWrapper
uoWrapper,uoWrapper
eedWrapper,eedWrapper
inWrapper,inWrapper
eimWrapper,eimWrapper
egWrapper,egWrapper
bxiWrapper,bxiWrapper
dqjWrapper,dqjWrapper
fbdWrapper,fbdWrapper
clgWrapper,clgWrapper
fnmWrapper,fnmWrapper
cpfWrapper,cpfWrapper
dmkWrapper,dmkWrapper
dabWrapper,dabWrapper
aoaWrapper,aoaWrapper
cfuWrapper,cfuWrapper
fhvWrapper,fhvWrapper
ayrWrapper,ayrWrapper
dwqWrapper,dwqWrapper
aesWrapper,aesWrapper
dkpWrapper,dkpWrapper
aizWrapper,aizWrapper
dgyWrapper,dgyWrapper
cztWrapper,cztWrapper
stWrapper,stWrapper
bbsWrapper,bbsWrapper
bnzWrapper,bnzWrapper
eovWrapper,eovWrapper
ajjWrapper,ajjWrapper
afcWrapper,afcWrapper
cumWrapper,cumWrapper
cydWrapper,cydWrapper
fwgWrapper,fwgWrapper
ceeWrapper,ceeWrapper
fkfWrapper,fkfWrapper
cilWrapper,cilWrapper
fgoWrapper,fgoWrapper
dtaWrapper,dtaWrapper
avkWrapper,avkWrapper
dxhWrapper,dxhWrapper
bqkWrapper,bqkWrapper
elfWrapper,elfWrapper
leWrapper,leWrapper
pdWrapper,pdWrapper
epgWrapper,epgWrapper
bmjWrapper,bmjWrapper
xwWrapper,xwWrapper
beyWrapper,beyWrapper
bipWrapper,bipWrapper
buqWrapper,buqWrapper
byxWrapper,byxWrapper
eduWrapper,eduWrapper
dvWrapper,dvWrapper
fcuWrapper,fcuWrapper
arqWrapper,arqWrapper
dlzWrapper,dlzWrapper
abyWrapper,abyWrapper
anpWrapper,anpWrapper
cqwWrapper,cqwWrapper
bzhWrapper,bzhWrapper
bvaWrapper,bvaWrapper
eklWrapper,eklWrapper
egeWrapper,egeWrapper
koWrapper,koWrapper
wnWrapper,wnWrapper
bfiWrapper,bfiWrapper
dccWrapper,dccWrapper
dojWrapper,dojWrapper
aaiWrapper,aaiWrapper
crgWrapper,crgWrapper
fllWrapper,fllWrapper
cnfWrapper,cnfWrapper
dskWrapper,dskWrapper
aqaWrapper,aqaWrapper
apeWrapper,apeWrapper
cobWrapper,cobWrapper
cckWrapper,cckWrapper
fmhWrapper,fmhWrapper
fqiWrapper,fqiWrapper
cscWrapper,cscWrapper
dnnWrapper,dnnWrapper
aldWrapper,aldWrapper
dbgWrapper,dbgWrapper
bgmWrapper,bgmWrapper
bkdWrapper,bkdWrapper
zcWrapper,zcWrapper
eviWrapper,eviWrapper
vjWrapper,vjWrapper
jkWrapper,jkWrapper
efaWrapper,efaWrapper
fbWrapper,fbWrapper
ejhWrapper,ejhWrapper
bweWrapper,bweWrapper
oWrapper,oWrapper
cpsWrapper,cpsWrapper
aotWrapper,aotWrapper
dawWrapper,dawWrapper
asuWrapper,asuWrapper
clrWrapper,clrWrapper
fbqWrapper,fbqWrapper
erWrapper,erWrapper
eixWrapper,eixWrapper
eeqWrapper,eeqWrapper
btuWrapper,btuWrapper
bhtWrapper,bhtWrapper
uzWrapper,uzWrapper
eypWrapper,eypWrapper
ysWrapper,ysWrapper
blnWrapper,blnWrapper
eqcWrapper,eqcWrapper
eakWrapper,eakWrapper
maWrapper,maWrapper
embWrapper,embWrapper
ahWrapper,ahWrapper
bpoWrapper,bpoWrapper
dylWrapper,dylWrapper
awoWrapper,awoWrapper
dueWrapper,dueWrapper
ffkWrapper,ffkWrapper
chhWrapper,chhWrapper
cdaWrapper,cdaWrapper
fzjWrapper,fzjWrapper
ctiWrapper,ctiWrapper
didWrapper,didWrapper
aggWrapper,aggWrapper
demWrapper,demWrapper
aknWrapper,aknWrapper
bxWrapper,bxWrapper
nqWrapper,nqWrapper
bcwWrapper,bcwWrapper
rpWrapper,rpWrapper
ersWrapper,ersWrapper
fyzWrapper,fyzWrapper
cwyWrapper,cwyWrapper
fusWrapper,fusWrapper
djtWrapper,djtWrapper
adwWrapper,adwWrapper
dvuWrapper,dvuWrapper
axvWrapper,axvWrapper
firWrapper,firWrapper
ckxWrapper,ckxWrapper
dzvWrapper,dzvWrapper
atuWrapper,atuWrapper
ckrWrapper,ckrWrapper
fixWrapper,fixWrapper
fuyWrapper,fuyWrapper
cwsWrapper,cwsWrapper
dfwWrapper,dfwWrapper
ahtWrapper,ahtWrapper
botWrapper,botWrapper
rzWrapper,rzWrapper
ebqWrapper,ebqWrapper
enxWrapper,enxWrapper
brWrapper,brWrapper
bsuWrapper,bsuWrapper
ctcWrapper,ctcWrapper
fviWrapper,fviWrapper
cxjWrapper,cxjWrapper
degWrapper,degWrapper
dinWrapper,dinWrapper
agmWrapper,agmWrapper
duoWrapper,duoWrapper
dyfWrapper,dyfWrapper
aweWrapper,aweWrapper
cdkWrapper,cdkWrapper
ffaWrapper,ffaWrapper
chbWrapper,chbWrapper
emhWrapper,emhWrapper
abWrapper,abWrapper
eaaWrapper,eaaWrapper
mkWrapper,mkWrapper
bpeWrapper,bpeWrapper
bldWrapper,bldWrapper
qjWrapper,qjWrapper
eqiWrapper,eqiWrapper
yyWrapper,yyWrapper
eusWrapper,eusWrapper
eyzWrapper,eyzWrapper
iqWrapper,iqWrapper
exWrapper,exWrapper
eirWrapper,eirWrapper
dquWrapper,dquWrapper
clxWrapper,clxWrapper
fnrWrapper,fnrWrapper
cpyWrapper,cpyWrapper
acwWrapper,acwWrapper
dmtWrapper,dmtWrapper
ejbWrapper,ejbWrapper
bwoWrapper,bwoWrapper
eWrapper,eWrapper
bknWrapper,bknWrapper
bggWrapper,bggWrapper
ezjWrapper,ezjWrapper
ziWrapper,ziWrapper
evcWrapper,evcWrapper
csiWrapper,csiWrapper
alnWrapper,alnWrapper
dbmWrapper,dbmWrapper
dndWrapper,dndWrapper
dreWrapper,dreWrapper
apoWrapper,apoWrapper
ccaWrapper,ccaWrapper
fmbWrapper,fmbWrapper
cohWrapper,cohWrapper
fakWrapper,fakWrapper
cnlWrapper,cnlWrapper
flfWrapper,flfWrapper
aqkWrapper,aqkWrapper
dsaWrapper,dsaWrapper
aacWrapper,aacWrapper
crmWrapper,crmWrapper
ewgWrapper,ewgWrapper
wdWrapper,wdWrapper
bfcWrapper,bfcWrapper
bjjWrapper,bjjWrapper
bvkWrapper,bvkWrapper
bzbWrapper,bzbWrapper
egoWrapper,egoWrapper
ekfWrapper,ekfWrapper
glWrapper,glWrapper
anzWrapper,anzWrapper
dlpWrapper,dlpWrapper
absWrapper,absWrapper
fswWrapper,fswWrapper
cauWrapper,cauWrapper
dpqWrapper,dpqWrapper
byrWrapper,byrWrapper
ehvWrapper,ehvWrapper
huWrapper,huWrapper
ttWrapper,ttWrapper
bizWrapper,bizWrapper
besWrapper,besWrapper
epmWrapper,epmWrapper
pnWrapper,pnWrapper
baiWrapper,baiWrapper
bqaWrapper,bqaWrapper
loWrapper,loWrapper
cifWrapper,cifWrapper
ceoWrapper,ceoWrapper
fklWrapper,fklWrapper
avaWrapper,avaWrapper
dxbWrapper,dxbWrapper
azhWrapper,azhWrapper
afiWrapper,afiWrapper
dhjWrapper,dhjWrapper
cynWrapper,cynWrapper
cugWrapper,cugWrapper
brqWrapper,brqWrapper
cvWrapper,cvWrapper
ecuWrapper,ecuWrapper
bnpWrapper,bnpWrapper
bbyWrapper,bbyWrapper
aipWrapper,aipWrapper
dgsWrapper,dgsWrapper
aeyWrapper,aeyWrapper
dkzWrapper,dkzWrapper
cvwWrapper,cvwWrapper
fxtWrapper,fxtWrapper
cjvWrapper,cjvWrapper
fduWrapper,fduWrapper
ayxWrapper,ayxWrapper
auqWrapper,auqWrapper
cplWrapper,cplWrapper
dahWrapper,dahWrapper
aokWrapper,aokWrapper
dmaWrapper,dmaWrapper
acbWrapper,acbWrapper
asjWrapper,asjWrapper
fngWrapper,fngWrapper
fbnWrapper,fbnWrapper
eigWrapper,eigWrapper
emWrapper,emWrapper
eenWrapper,eenWrapper
idWrapper,idWrapper
btjWrapper,btjWrapper
bhkWrapper,bhkWrapper
bdbWrapper,bdbWrapper
ueWrapper,ueWrapper
eufWrapper,eufWrapper
ylWrapper,ylWrapper
drpWrapper,drpWrapper
fmwWrapper,fmwWrapper
cctWrapper,cctWrapper
dnqWrapper,dnqWrapper
dbxWrapper,dbxWrapper
bgrWrapper,bgrWrapper
evvWrapper,evvWrapper
vuWrapper,vuWrapper
ejwWrapper,ejwWrapper
pWrapper,pWrapper
bwzWrapper,bwzWrapper
bgWrapper,bgWrapper
enmWrapper,enmWrapper
nnWrapper,nnWrapper
ebdWrapper,ebdWrapper
boaWrapper,boaWrapper
gabWrapper,gabWrapper
bchWrapper,bchWrapper
roWrapper,roWrapper
erlWrapper,erlWrapper
cwfWrapper,cwfWrapper
fyeWrapper,fyeWrapper
fulWrapper,fulWrapper
ahaWrapper,ahaWrapper
dfbWrapper,dfbWrapper
adhWrapper,adhWrapper
djkWrapper,djkWrapper
axiWrapper,axiWrapper
dvjWrapper,dvjWrapper
dzcWrapper,dzcWrapper
cgnWrapper,cgnWrapper
fimWrapper,fimWrapper
ckgWrapper,ckgWrapper
fedWrapper,fedWrapper
blqWrapper,blqWrapper
eatWrapper,eatWrapper
awWrapper,awWrapper
bppWrapper,bppWrapper
awpWrapper,awpWrapper
dysWrapper,dysWrapper
duzWrapper,duzWrapper
chwWrapper,chwWrapper
ctvWrapper,ctvWrapper
fzuWrapper,fzuWrapper
agxWrapper,agxWrapper
akqWrapper,akqWrapper
derWrapper,derWrapper
ddvWrapper,ddvWrapper
ajuWrapper,ajuWrapper
curWrapper,curWrapper
fwxWrapper,fwxWrapper
fkyWrapper,fkyWrapper
cezWrapper,cezWrapper
fgpWrapper,fgpWrapper
dxwWrapper,dxwWrapper
avtWrapper,avtWrapper
bqtWrapper,bqtWrapper
elyWrapper,elyWrapper
bmuWrapper,bmuWrapper
cjcWrapper,cjcWrapper
fhiWrapper,fhiWrapper
cfjWrapper,cfjWrapper
audWrapper,audWrapper
dwnWrapper,dwnWrapper
aymWrapper,aymWrapper
dkoWrapper,dkoWrapper
aelWrapper,aelWrapper
aieWrapper,aieWrapper
fthWrapper,fthWrapper
fxaWrapper,fxaWrapper
cvbWrapper,cvbWrapper
eshWrapper,eshWrapper
skWrapper,skWrapper
bblWrapper,bblWrapper
bneWrapper,bneWrapper
brdWrapper,brdWrapper
ojWrapper,ojWrapper
eoiWrapper,eoiWrapper
ccWrapper,ccWrapper
bzwWrapper,bzwWrapper
gyWrapper,gyWrapper
eksWrapper,eksWrapper
egzWrapper,egzWrapper
wqWrapper,wqWrapper
ewrWrapper,ewrWrapper
bfvWrapper,bfvWrapper
aavWrapper,aavWrapper
douWrapper,douWrapper
crxWrapper,crxWrapper
fprWrapper,fprWrapper
cbpWrapper,cbpWrapper
flsWrapper,flsWrapper
cnyWrapper,cnyWrapper
xhWrapper,xhWrapper
taWrapper,taWrapper
exkWrapper,exkWrapper
befWrapper,befWrapper
bioWrapper,bioWrapper
bunWrapper,bunWrapper
bygWrapper,bygWrapper
diWrapper,diWrapper
ehcWrapper,ehcWrapper
cmiWrapper,cmiWrapper
fcjWrapper,fcjWrapper
arnWrapper,arnWrapper
dpdWrapper,dpdWrapper
abfWrapper,abfWrapper
dleWrapper,dleWrapper
anoWrapper,anoWrapper
cqhWrapper,cqhWrapper
qgWrapper,qgWrapper
eqdWrapper,eqdWrapper
bphWrapper,bphWrapper
cdfWrapper,cdfWrapper
dubWrapper,dubWrapper
dykWrapper,dykWrapper
awhWrapper,awhWrapper
dejWrapper,dejWrapper
akiWrapper,akiWrapper
dicWrapper,dicWrapper
fzmWrapper,fzmWrapper
ctnWrapper,ctnWrapper
fvdWrapper,fvdWrapper
cxgWrapper,cxgWrapper
bsxWrapper,bsxWrapper
nvWrapper,nvWrapper
rwWrapper,rwWrapper
bcpWrapper,bcpWrapper
djsWrapper,djsWrapper
dfzWrapper,dfzWrapper
futWrapper,futWrapper
cgvWrapper,cgvWrapper
atxWrapper,atxWrapper
dvrWrapper,dvrWrapper
axqWrapper,axqWrapper
cclWrapper,cclWrapper
coeWrapper,coeWrapper
fafWrapper,fafWrapper
drhWrapper,drhWrapper
apbWrapper,apbWrapper
alcWrapper,alcWrapper
dniWrapper,dniWrapper
csdWrapper,csdWrapper
vmWrapper,vmWrapper
ezgWrapper,ezgWrapper
zdWrapper,zdWrapper
bkcWrapper,bkcWrapper
bgjWrapper,bgjWrapper
bwbWrapper,bwbWrapper
hWrapper,hWrapper
feWrapper,feWrapper
ejoWrapper,ejoWrapper
jlWrapper,jlWrapper
effWrapper,effWrapper
dmyWrapper,dmyWrapper
aosWrapper,aosWrapper
dapWrapper,dapWrapper
cptWrapper,cptWrapper
cluWrapper,cluWrapper
fbvWrapper,fbvWrapper
dqxWrapper,dqxWrapper
btrWrapper,btrWrapper
eevWrapper,eevWrapper
euWrapper,euWrapper
ytWrapper,ytWrapper
eywWrapper,eywWrapper
bdzWrapper,bdzWrapper
bhsWrapper,bhsWrapper
biwWrapper,biwWrapper
tyWrapper,tyWrapper
etzWrapper,etzWrapper
xpWrapper,xpWrapper
dqWrapper,dqWrapper
edrWrapper,edrWrapper
hxWrapper,hxWrapper
buvWrapper,buvWrapper
arvWrapper,arvWrapper
caxWrapper,caxWrapper
fcrWrapper,fcrWrapper
cmqWrapper,cmqWrapper
cqpWrapper,cqpWrapper
fszWrapper,fszWrapper
anwWrapper,anwWrapper
egbWrapper,egbWrapper
khWrapper,khWrapper
ekkWrapper,ekkWrapper
gaWrapper,gaWrapper
bzoWrapper,bzoWrapper
bfnWrapper,bfnWrapper
bjgWrapper,bjgWrapper
wiWrapper,wiWrapper
aanWrapper,aanWrapper
dcdWrapper,dcdWrapper
amgWrapper,amgWrapper
aqfWrapper,aqfWrapper
cnaWrapper,cnaWrapper
flkWrapper,flkWrapper
cbhWrapper,cbhWrapper
ayuWrapper,ayuWrapper
dwvWrapper,dwvWrapper
cfrWrapper,cfrWrapper
fhqWrapper,fhqWrapper
fdxWrapper,fdxWrapper
fxyWrapper,fxyWrapper
czsWrapper,czsWrapper
ftpWrapper,ftpWrapper
aetWrapper,aetWrapper
dkwWrapper,dkwWrapper
bbtWrapper,bbtWrapper
ssWrapper,ssWrapper
espWrapper,espWrapper
orWrapper,orWrapper
ecxWrapper,ecxWrapper
cycWrapper,cycWrapper
cujWrapper,cujWrapper
afdWrapper,afdWrapper
dhgWrapper,dhgWrapper
avlWrapper,avlWrapper
dxoWrapper,dxoWrapper
azeWrapper,azeWrapper
dtfWrapper,dtfWrapper
fghWrapper,fghWrapper
cebWrapper,cebWrapper
fkaWrapper,fkaWrapper
lbWrapper,lbWrapper
bmmWrapper,bmmWrapper
pcWrapper,pcWrapper
bwwWrapper,bwwWrapper
efsWrapper,efsWrapper
jyWrapper,jyWrapper
ejzWrapper,ejzWrapper
fpWrapper,fpWrapper
zqWrapper,zqWrapper
ezrWrapper,ezrWrapper
vxWrapper,vxWrapper
bkvWrapper,bkvWrapper
dbuWrapper,dbuWrapper
alvWrapper,alvWrapper
csqWrapper,csqWrapper
fasWrapper,fasWrapper
copWrapper,copWrapper
fmzWrapper,fmzWrapper
ccyWrapper,ccyWrapper
apwWrapper,apwWrapper
uhWrapper,uhWrapper
eukWrapper,eukWrapper
yaWrapper,yaWrapper
bhfWrapper,bhfWrapper
bdoWrapper,bdoWrapper
bxnWrapper,bxnWrapper
btgWrapper,btgWrapper
eijWrapper,eijWrapper
iiWrapper,iiWrapper
fnjWrapper,fnjWrapper
fbcWrapper,fbcWrapper
dqmWrapper,dqmWrapper
asgWrapper,asgWrapper
daeWrapper,daeWrapper
aofWrapper,aofWrapper
dmlWrapper,dmlWrapper
acoWrapper,acoWrapper
cpaWrapper,cpaWrapper
aguWrapper,aguWrapper
divWrapper,divWrapper
cxrWrapper,cxrWrapper
fvqWrapper,fvqWrapper
chzWrapper,chzWrapper
ffyWrapper,ffyWrapper
cdsWrapper,cdsWrapper
fjpWrapper,fjpWrapper
duwWrapper,duwWrapper
msWrapper,msWrapper
eayWrapper,eayWrapper
azWrapper,azWrapper
empWrapper,empWrapper
qrWrapper,qrWrapper
cgcWrapper,cgcWrapper
ckjWrapper,ckjWrapper
feiWrapper,feiWrapper
axdWrapper,axdWrapper
dvgWrapper,dvgWrapper
atmWrapper,atmWrapper
dznWrapper,dznWrapper
ahlWrapper,ahlWrapper
adeWrapper,adeWrapper
cwkWrapper,cwkWrapper
fyhWrapper,fyhWrapper
fuaWrapper,fuaWrapper
rbWrapper,rbWrapper
eraWrapper,eraWrapper
gaoWrapper,gaoWrapper
bceWrapper,bceWrapper
bsmWrapper,bsmWrapper
bjWrapper,bjWrapper
ebiWrapper,ebiWrapper
ecmWrapper,ecmWrapper
ogWrapper,ogWrapper
eodWrapper,eodWrapper
cnWrapper,cnWrapper
briWrapper,briWrapper
bnhWrapper,bnhWrapper
eseWrapper,eseWrapper
sfWrapper,sfWrapper
czfWrapper,czfWrapper
fxlWrapper,fxlWrapper
cvoWrapper,cvoWrapper
dkbWrapper,dkbWrapper
aeaWrapper,aeaWrapper
dgkWrapper,dgkWrapper
aihWrapper,aihWrapper
auiWrapper,auiWrapper
dwcWrapper,dwcWrapper
fdmWrapper,fdmWrapper
cjnWrapper,cjnWrapper
fhdWrapper,fhdWrapper
cfgWrapper,cfgWrapper
bmxWrapper,bmxWrapper
baqWrapper,baqWrapper
pvWrapper,pvWrapper
epuWrapper,epuWrapper
eltWrapper,eltWrapper
lwWrapper,lwWrapper
dtsWrapper,dtsWrapper
azpWrapper,azpWrapper
avyWrapper,avyWrapper
fktWrapper,fktWrapper
cewWrapper,cewWrapper
fwuWrapper,fwuWrapper
cyvWrapper,cyvWrapper
ajxWrapper,ajxWrapper
dhrWrapper,dhrWrapper
afqWrapper,afqWrapper
cqeWrapper,cqeWrapper
abkWrapper,abkWrapper
dlhWrapper,dlhWrapper
anbWrapper,anbWrapper
dpiWrapper,dpiWrapper
cmdWrapper,cmdWrapper
fcgWrapper,fcgWrapper
camWrapper,camWrapper
hmWrapper,hmWrapper
edgWrapper,edgWrapper
ddWrapper,ddWrapper
ehnWrapper,ehnWrapper
bekWrapper,bekWrapper
bibWrapper,bibWrapper
xeWrapper,xeWrapper
etoWrapper,etoWrapper
tlWrapper,tlWrapper
dsyWrapper,dsyWrapper
aqsWrapper,aqsWrapper
cntWrapper,cntWrapper
cruWrapper,cruWrapper
amrWrapper,amrWrapper
dcqWrapper,dcqWrapper
doxWrapper,doxWrapper
bjrWrapper,bjrWrapper
gtWrapper,gtWrapper
egwWrapper,egwWrapper
bzzWrapper,bzzWrapper
bvsWrapper,bvsWrapper
adnWrapper,adnWrapper
djmWrapper,djmWrapper
ahgWrapper,ahgWrapper
dfdWrapper,dfdWrapper
fujWrapper,fujWrapper
ckaWrapper,ckaWrapper
febWrapper,febWrapper
cghWrapper,cghWrapper
fikWrapper,fikWrapper
atfWrapper,atfWrapper
dzeWrapper,dzeWrapper
dvlWrapper,dvlWrapper
bsfWrapper,bsfWrapper
nhWrapper,nhWrapper
ebbWrapper,ebbWrapper
baWrapper,baWrapper
riWrapper,riWrapper
bcnWrapper,bcnWrapper
bogWrapper,bogWrapper
gadWrapper,gadWrapper
cdxWrapper,cdxWrapper
chqWrapper,chqWrapper
awvWrapper,awvWrapper
dyuWrapper,dyuWrapper
akwWrapper,akwWrapper
detWrapper,detWrapper
ctpWrapper,ctpWrapper
fzsWrapper,fzsWrapper
cxyWrapper,cxyWrapper
fvzWrapper,fvzWrapper
qyWrapper,qyWrapper
eqzWrapper,eqzWrapper
blwWrapper,blwWrapper
bpvWrapper,bpvWrapper
aqWrapper,aqWrapper
mxWrapper,mxWrapper
earWrapper,earWrapper
btlWrapper,btlWrapper
bxeWrapper,bxeWrapper
eehWrapper,eehWrapper
ibWrapper,ibWrapper
eiaWrapper,eiaWrapper
ekWrapper,ekWrapper
yjWrapper,yjWrapper
eyiWrapper,eyiWrapper
ucWrapper,ucWrapper
bddWrapper,bddWrapper
bhmWrapper,bhmWrapper
dmgWrapper,dmgWrapper
danWrapper,danWrapper
aomWrapper,aomWrapper
cpjWrapper,cpjWrapper
fbhWrapper,fbhWrapper
clkWrapper,clkWrapper
fnaWrapper,fnaWrapper
aslWrapper,aslWrapper
dqfWrapper,dqfWrapper
ezyWrapper,ezyWrapper
vsWrapper,vsWrapper
zzWrapper,zzWrapper
bgtWrapper,bgtWrapper
vWrapper,vWrapper
ejqWrapper,ejqWrapper
fmqWrapper,fmqWrapper
ccrWrapper,ccrWrapper
faxWrapper,faxWrapper
drvWrapper,drvWrapper
dnwWrapper,dnwWrapper
cszWrapper,cszWrapper
aapWrapper,aapWrapper
amyWrapper,amyWrapper
dczWrapper,dczWrapper
aqxWrapper,aqxWrapper
dsrWrapper,dsrWrapper
cbvWrapper,cbvWrapper
fluWrapper,fluWrapper
kvWrapper,kvWrapper
ekuWrapper,ekuWrapper
bvxWrapper,bvxWrapper
bzqWrapper,bzqWrapper
bfpWrapper,bfpWrapper
bjyWrapper,bjyWrapper
ewtWrapper,ewtWrapper
wwWrapper,wwWrapper
dpbWrapper,dpbWrapper
cafWrapper,cafWrapper
cmoWrapper,cmoWrapper
fclWrapper,fclWrapper
cqnWrapper,cqnWrapper
aniWrapper,aniWrapper
dlcWrapper,dlcWrapper
biiWrapper,biiWrapper
tgWrapper,tgWrapper
xnWrapper,xnWrapper
etdWrapper,etdWrapper
hfWrapper,hfWrapper
edlWrapper,edlWrapper
byaWrapper,byaWrapper
buhWrapper,buhWrapper
bqrWrapper,bqrWrapper
bmsWrapper,bmsWrapper
cutWrapper,cutWrapper
dhyWrapper,dhyWrapper
afzWrapper,afzWrapper
ajsWrapper,ajsWrapper
dxqWrapper,dxqWrapper
avrWrapper,avrWrapper
dtxWrapper,dtxWrapper
fgvWrapper,fgvWrapper
ciuWrapper,ciuWrapper
bncWrapper,bncWrapper
bbjWrapper,bbjWrapper
smWrapper,smWrapper
esnWrapper,esnWrapper
eooWrapper,eooWrapper
ceWrapper,ceWrapper
ecfWrapper,ecfWrapper
olWrapper,olWrapper
brbWrapper,brbWrapper
dwhWrapper,dwhWrapper
fhoWrapper,fhoWrapper
cflWrapper,cflWrapper
fdfWrapper,fdfWrapper
cjeWrapper,cjeWrapper
fxgWrapper,fxgWrapper
cvdWrapper,cvdWrapper
czmWrapper,czmWrapper
aicWrapper,aicWrapper
dkiWrapper,dkiWrapper
aejWrapper,aejWrapper
dqsWrapper,dqsWrapper
aoxWrapper,aoxWrapper
acqWrapper,acqWrapper
dmrWrapper,dmrWrapper
uvWrapper,uvWrapper
euuWrapper,euuWrapper
bhxWrapper,bhxWrapper
bdqWrapper,bdqWrapper
btyWrapper,btyWrapper
eitWrapper,eitWrapper
iwWrapper,iwWrapper
dnbWrapper,dnbWrapper
alhWrapper,alhWrapper
dbkWrapper,dbkWrapper
fqeWrapper,fqeWrapper
csoWrapper,csoWrapper
famWrapper,famWrapper
ccgWrapper,ccgWrapper
fmdWrapper,fmdWrapper
drcWrapper,drcWrapper
bwiWrapper,bwiWrapper
cWrapper,cWrapper
jgWrapper,jgWrapper
efmWrapper,efmWrapper
fnWrapper,fnWrapper
ejdWrapper,ejdWrapper
zoWrapper,zoWrapper
vfWrapper,vfWrapper
bgaWrapper,bgaWrapper
bkhWrapper,bkhWrapper
borWrapper,borWrapper
bssWrapper,bssWrapper
btWrapper,btWrapper
ebwWrapper,ebwWrapper
fewWrapper,fewWrapper
cktWrapper,cktWrapper
dvyWrapper,dvyWrapper
axzWrapper,axzWrapper
dzpWrapper,dzpWrapper
atsWrapper,atsWrapper
dfqWrapper,dfqWrapper
ahrWrapper,ahrWrapper
djxWrapper,djxWrapper
fyvWrapper,fyvWrapper
cwuWrapper,cwuWrapper
eagWrapper,eagWrapper
mmWrapper,mmWrapper
emnWrapper,emnWrapper
adWrapper,adWrapper
eqoWrapper,eqoWrapper
blbWrapper,blbWrapper
dihWrapper,dihWrapper
agkWrapper,agkWrapper
deaWrapper,deaWrapper
cxlWrapper,cxlWrapper
cteWrapper,cteWrapper
ffgWrapper,ffgWrapper
chdWrapper,chdWrapper
fjnWrapper,fjnWrapper
cdmWrapper,cdmWrapper
awcWrapper,awcWrapper
duiWrapper,duiWrapper
dtmWrapper,dtmWrapper
avgWrapper,avgWrapper
dxdWrapper,dxdWrapper
ceiWrapper,ceiWrapper
fgcWrapper,fgcWrapper
cuaWrapper,cuaWrapper
cyhWrapper,cyhWrapper
fwkWrapper,fwkWrapper
ddeWrapper,ddeWrapper
afoWrapper,afoWrapper
dhlWrapper,dhlWrapper
bmfWrapper,bmfWrapper
baoWrapper,baoWrapper
phWrapper,phWrapper
eljWrapper,eljWrapper
liWrapper,liWrapper
bqgWrapper,bqgWrapper
czxWrapper,czxWrapper
cvqWrapper,cvqWrapper
fxrWrapper,fxrWrapper
aivWrapper,aivWrapper
dguWrapper,dguWrapper
auwWrapper,auwWrapper
cjpWrapper,cjpWrapper
fdsWrapper,fdsWrapper
cfyWrapper,cfyWrapper
fhzWrapper,fhzWrapper
oyWrapper,oyWrapper
ecsWrapper,ecsWrapper
cpWrapper,cpWrapper
eozWrapper,eozWrapper
brwWrapper,brwWrapper
bnvWrapper,bnvWrapper
sxWrapper,sxWrapper
bjlWrapper,bjlWrapper
bfeWrapper,bfeWrapper
wbWrapper,wbWrapper
gjWrapper,gjWrapper
egiWrapper,egiWrapper
kcWrapper,kcWrapper
bzdWrapper,bzdWrapper
bvmWrapper,bvmWrapper
dsgWrapper,dsgWrapper
aqmWrapper,aqmWrapper
cbcWrapper,cbcWrapper
cnjWrapper,cnjWrapper
crkWrapper,crkWrapper
amlWrapper,amlWrapper
dofWrapper,dofWrapper
aaeWrapper,aaeWrapper
edyWrapper,edyWrapper
hsWrapper,hsWrapper
dzWrapper,dzWrapper
beuWrapper,beuWrapper
etqWrapper,etqWrapper
trWrapper,trWrapper
dlvWrapper,dlvWrapper
abuWrapper,abuWrapper
dpwWrapper,dpwWrapper
fcyWrapper,fcyWrapper
cmzWrapper,cmzWrapper
emvWrapper,emvWrapper
muWrapper,muWrapper
blzWrapper,blzWrapper
qtWrapper,qtWrapper
cxtWrapper,cxtWrapper
fvwWrapper,fvwWrapper
akzWrapper,akzWrapper
agsWrapper,agsWrapper
dipWrapper,dipWrapper
dyxWrapper,dyxWrapper
cduWrapper,cduWrapper
bojWrapper,bojWrapper
rdWrapper,rdWrapper
neWrapper,neWrapper
eboWrapper,eboWrapper
blWrapper,blWrapper
enfWrapper,enfWrapper
bskWrapper,bskWrapper
atkWrapper,atkWrapper
dzhWrapper,dzhWrapper
dvaWrapper,dvaWrapper
cklWrapper,cklWrapper
feoWrapper,feoWrapper
cgeWrapper,cgeWrapper
fifWrapper,fifWrapper
fugWrapper,fugWrapper
cwmWrapper,cwmWrapper
adcWrapper,adcWrapper
dfiWrapper,dfiWrapper
cswWrapper,cswWrapper
alpWrapper,alpWrapper
dnzWrapper,dnzWrapper
apqWrapper,apqWrapper
fauWrapper,fauWrapper
covWrapper,covWrapper
fvWrapper,fvWrapper
efuWrapper,efuWrapper
bwqWrapper,bwqWrapper
bkpWrapper,bkpWrapper
bgyWrapper,bgyWrapper
eztWrapper,eztWrapper
zwWrapper,zwWrapper
asaWrapper,asaWrapper
dqkWrapper,dqkWrapper
fbeWrapper,fbeWrapper
clfWrapper,clfWrapper
fnlWrapper,fnlWrapper
frmWrapper,frmWrapper
cpgWrapper,cpgWrapper
dmjWrapper,dmjWrapper
aciWrapper,aciWrapper
dacWrapper,dacWrapper
bdiWrapper,bdiWrapper
eumWrapper,eumWrapper
ygWrapper,ygWrapper
eydWrapper,eydWrapper
unWrapper,unWrapper
eeeWrapper,eeeWrapper
ioWrapper,ioWrapper
eilWrapper,eilWrapper
efWrapper,efWrapper
btaWrapper,btaWrapper
bxhWrapper,bxhWrapper
bylWrapper,bylWrapper
bueWrapper,bueWrapper
nullWrapper,nullWrapper
dbWrapper,dbWrapper
ehhWrapper,ehhWrapper
hkWrapper,hkWrapper
edaWrapper,edaWrapper
tjWrapper,tjWrapper
xcWrapper,xcWrapper
etiWrapper,etiWrapper
bidWrapper,bidWrapper
andWrapper,andWrapper
abmWrapper,abmWrapper
dlnWrapper,dlnWrapper
cqcWrapper,cqcWrapper
cakWrapper,cakWrapper
fcaWrapper,fcaWrapper
dpoWrapper,dpoWrapper
areWrapper,areWrapper
ewyWrapper,ewyWrapper
wzWrapper,wzWrapper
bjtWrapper,bjtWrapper
bvuWrapper,bvuWrapper
cnrWrapper,cnrWrapper
flxWrapper,flxWrapper
fpyWrapper,fpyWrapper
crsWrapper,crsWrapper
dgmWrapper,dgmWrapper
dkdWrapper,dkdWrapper
aegWrapper,aegWrapper
fxjWrapper,fxjWrapper
cviWrapper,cviWrapper
ftcWrapper,ftcWrapper
fhbWrapper,fhbWrapper
cfaWrapper,cfaWrapper
dweWrapper,dweWrapper
auoWrapper,auoWrapper
broWrapper,broWrapper
eobWrapper,eobWrapper
chWrapper,chWrapper
eckWrapper,eckWrapper
oaWrapper,oaWrapper
bnnWrapper,bnnWrapper
bbgWrapper,bbgWrapper
cixWrapper,cixWrapper
fkrWrapper,fkrWrapper
ceqWrapper,ceqWrapper
dtuWrapper,dtuWrapper
azvWrapper,azvWrapper
dhtWrapper,dhtWrapper
afwWrapper,afwWrapper
cypWrapper,cypWrapper
cuyWrapper,cuyWrapper
epsWrapper,epsWrapper
ppWrapper,ppWrapper
bawWrapper,bawWrapper
elrWrapper,elrWrapper
bkeWrapper,bkeWrapper
zbWrapper,zbWrapper
vkWrapper,vkWrapper
fcWrapper,fcWrapper
ejiWrapper,ejiWrapper
bwdWrapper,bwdWrapper
nWrapper,nWrapper
apdWrapper,apdWrapper
drnWrapper,drnWrapper
ccjWrapper,ccjWrapper
fmiWrapper,fmiWrapper
csbWrapper,csbWrapper
dnoWrapper,dnoWrapper
esWrapper,esWrapper
eiyWrapper,eiyWrapper
izWrapper,izWrapper
eepWrapper,eepWrapper
bhuWrapper,bhuWrapper
yrWrapper,yrWrapper
euxWrapper,euxWrapper
cprWrapper,cprWrapper
aouWrapper,aouWrapper
davWrapper,davWrapper
astWrapper,astWrapper
fnyWrapper,fnyWrapper
clsWrapper,clsWrapper
fbpWrapper,fbpWrapper
dymWrapper,dymWrapper
awnWrapper,awnWrapper
dudWrapper,dudWrapper
ffjWrapper,ffjWrapper
chiWrapper,chiWrapper
fvbWrapper,fvbWrapper
fzkWrapper,fzkWrapper
cthWrapper,cthWrapper
dieWrapper,dieWrapper
agfWrapper,agfWrapper
delWrapper,delWrapper
akoWrapper,akoWrapper
bloWrapper,bloWrapper
eqbWrapper,eqbWrapper
qaWrapper,qaWrapper
eajWrapper,eajWrapper
aiWrapper,aiWrapper
cwxWrapper,cwxWrapper
furWrapper,furWrapper
djuWrapper,djuWrapper
advWrapper,advWrapper
dvtWrapper,dvtWrapper
fisWrapper,fisWrapper
cgpWrapper,cgpWrapper
fezWrapper,fezWrapper
ckyWrapper,ckyWrapper
byWrapper,byWrapper
ebzWrapper,ebzWrapper
npWrapper,npWrapper
bcvWrapper,bcvWrapper
errWrapper,errWrapper
esvWrapper,esvWrapper
suWrapper,suWrapper
brzWrapper,brzWrapper
cftWrapper,cftWrapper
fhwWrapper,fhwWrapper
auzWrapper,auzWrapper
aysWrapper,aysWrapper
dwpWrapper,dwpWrapper
aerWrapper,aerWrapper
dkqWrapper,dkqWrapper
dgxWrapper,dgxWrapper
czuWrapper,czuWrapper
bqjWrapper,bqjWrapper
elgWrapper,elgWrapper
ldWrapper,ldWrapper
peWrapper,peWrapper
bmkWrapper,bmkWrapper
babWrapper,babWrapper
ajkWrapper,ajkWrapper
ddhWrapper,ddhWrapper
afbWrapper,afbWrapper
dhaWrapper,dhaWrapper
culWrapper,culWrapper
cyeWrapper,cyeWrapper
fwfWrapper,fwfWrapper
cedWrapper,cedWrapper
fkgWrapper,fkgWrapper
cimWrapper,cimWrapper
fgnWrapper,fgnWrapper
avjWrapper,avjWrapper
dxiWrapper,dxiWrapper
fctWrapper,fctWrapper
cmwWrapper,cmwWrapper
arpWrapper,arpWrapper
cqvWrapper,cqvWrapper
xvWrapper,xvWrapper
exuWrapper,exuWrapper
bexWrapper,bexWrapper
biqWrapper,biqWrapper
bupWrapper,bupWrapper
byyWrapper,byyWrapper
edtWrapper,edtWrapper
dwWrapper,dwWrapper
dcbWrapper,dcbWrapper
amaWrapper,amaWrapper
dokWrapper,dokWrapper
aahWrapper,aahWrapper
crfWrapper,crfWrapper
cngWrapper,cngWrapper
dsjWrapper,dsjWrapper
bziWrapper,bziWrapper
ekmWrapper,ekmWrapper
ggWrapper,ggWrapper
egdWrapper,egdWrapper
woWrapper,woWrapper
ewlWrapper,ewlWrapper
bjaWrapper,bjaWrapper
bfhWrapper,bfhWrapper
bboWrapper,bboWrapper
bnfWrapper,bnfWrapper
eskWrapper,eskWrapper
shWrapper,shWrapper
eccWrapper,eccWrapper
eojWrapper,eojWrapper
brgWrapper,brgWrapper
augWrapper,augWrapper
dwmWrapper,dwmWrapper
aynWrapper,aynWrapper
fdcWrapper,fdcWrapper
fhjWrapper,fhjWrapper
cfiWrapper,cfiWrapper
ftkWrapper,ftkWrapper
czhWrapper,czhWrapper
fxbWrapper,fxbWrapper
cvaWrapper,cvaWrapper
dklWrapper,dklWrapper
aeoWrapper,aeoWrapper
dgeWrapper,dgeWrapper
lyWrapper,lyWrapper
bqwWrapper,bqwWrapper
bmvWrapper,bmvWrapper
pxWrapper,pxWrapper
cuqWrapper,cuqWrapper
cyxWrapper,cyxWrapper
dduWrapper,dduWrapper
ajvWrapper,ajvWrapper
dxtWrapper,dxtWrapper
avwWrapper,avwWrapper
fkzWrapper,fkzWrapper
ceyWrapper,ceyWrapper
fgsWrapper,fgsWrapper
cipWrapper,cipWrapper
armWrapper,armWrapper
dpgWrapper,dpgWrapper
fciWrapper,fciWrapper
cacWrapper,cacWrapper
cqkWrapper,cqkWrapper
abeWrapper,abeWrapper
dlfWrapper,dlfWrapper
anlWrapper,anlWrapper
beeWrapper,beeWrapper
bilWrapper,bilWrapper
xkWrapper,xkWrapper
tbWrapper,tbWrapper
exhWrapper,exhWrapper
ediWrapper,ediWrapper
bumWrapper,bumWrapper
bydWrapper,bydWrapper
aauWrapper,aauWrapper
dovWrapper,dovWrapper
cbsWrapper,cbsWrapper
flpWrapper,flpWrapper
cnzWrapper,cnzWrapper
gzWrapper,gzWrapper
ekpWrapper,ekpWrapper
ksWrapper,ksWrapper
egyWrapper,egyWrapper
bztWrapper,bztWrapper
bfuWrapper,bfuWrapper
wrWrapper,wrWrapper
ewqWrapper,ewqWrapper
vvWrapper,vvWrapper
bgqWrapper,bgqWrapper
bkxWrapper,bkxWrapper
sWrapper,sWrapper
bwyWrapper,bwyWrapper
jwWrapper,jwWrapper
ejtWrapper,ejtWrapper
fmtWrapper,fmtWrapper
ccwWrapper,ccwWrapper
apyWrapper,apyWrapper
drsWrapper,drsWrapper
dnrWrapper,dnrWrapper
alxWrapper,alxWrapper
enWrapper,enWrapper
eemWrapper,eemWrapper
igWrapper,igWrapper
ufWrapper,ufWrapper
eueWrapper,eueWrapper
yoWrapper,yoWrapper
bhhWrapper,bhhWrapper
bdaWrapper,bdaWrapper
dakWrapper,dakWrapper
aohWrapper,aohWrapper
dmbWrapper,dmbWrapper
acaWrapper,acaWrapper
cpoWrapper,cpoWrapper
fndWrapper,fndWrapper
fbmWrapper,fbmWrapper
clnWrapper,clnWrapper
dqcWrapper,dqcWrapper
chtWrapper,chtWrapper
ffwWrapper,ffwWrapper
awsWrapper,awsWrapper
duyWrapper,duyWrapper
dixWrapper,dixWrapper
akrWrapper,akrWrapper
deqWrapper,deqWrapper
ctuWrapper,ctuWrapper
fzvWrapper,fzvWrapper
blrWrapper,blrWrapper
bpsWrapper,bpsWrapper
eawWrapper,eawWrapper
atWrapper,atWrapper
dfaWrapper,dfaWrapper
adkWrapper,adkWrapper
djhWrapper,djhWrapper
cweWrapper,cweWrapper
fyfWrapper,fyfWrapper
fuoWrapper,fuoWrapper
cgmWrapper,cgmWrapper
finWrapper,finWrapper
ckdWrapper,ckdWrapper
fegWrapper,fegWrapper
dviWrapper,dviWrapper
atcWrapper,atcWrapper
bscWrapper,bscWrapper
bdWrapper,bdWrapper
nmWrapper,nmWrapper
ebgWrapper,ebgWrapper
eroWrapper,eroWrapper
bobWrapper,bobWrapper
gaaWrapper,gaaWrapper
bckWrapper,bckWrapper
ehuWrapper,ehuWrapper
hvWrapper,hvWrapper
byqWrapper,byqWrapper
buxWrapper,buxWrapper
biyWrapper,biyWrapper
bepWrapper,bepWrapper
twWrapper,twWrapper
ettWrapper,ettWrapper
fstWrapper,fstWrapper
anyWrapper,anyWrapper
dlsWrapper,dlsWrapper
dprWrapper,dprWrapper
arxWrapper,arxWrapper
cavWrapper,cavWrapper
bjiWrapper,bjiWrapper
wgWrapper,wgWrapper
eglWrapper,eglWrapper
kfWrapper,kfWrapper
ekeWrapper,ekeWrapper
goWrapper,goWrapper
bvhWrapper,bvhWrapper
bzaWrapper,bzaWrapper
aqhWrapper,aqhWrapper
dsbWrapper,dsbWrapper
cnoWrapper,cnoWrapper
fleWrapper,fleWrapper
cbfWrapper,cbfWrapper
fpdWrapper,fpdWrapper
crnWrapper,crnWrapper
docWrapper,docWrapper
dcjWrapper,dcjWrapper
cvtWrapper,cvtWrapper
fxwWrapper,fxwWrapper
aisWrapper,aisWrapper
dgpWrapper,dgpWrapper
aezWrapper,aezWrapper
dkyWrapper,dkyWrapper
dwxWrapper,dwxWrapper
aurWrapper,aurWrapper
cjuWrapper,cjuWrapper
fdvWrapper,fdvWrapper
cuWrapper,cuWrapper
brrWrapper,brrWrapper
bnsWrapper,bnsWrapper
bbzWrapper,bbzWrapper
avbWrapper,avbWrapper
azkWrapper,azkWrapper
dthWrapper,dthWrapper
cieWrapper,cieWrapper
celWrapper,celWrapper
fkoWrapper,fkoWrapper
cymWrapper,cymWrapper
fwnWrapper,fwnWrapper
cudWrapper,cudWrapper
afjWrapper,afjWrapper
dhiWrapper,dhiWrapper
ajcWrapper,ajcWrapper
bajWrapper,bajWrapper
bmcWrapper,bmcWrapper
epnWrapper,epnWrapper
pmWrapper,pmWrapper
eloWrapper,eloWrapper
bqbWrapper,bqbWrapper
emkWrapper,emkWrapper
aaWrapper,aaWrapper
eabWrapper,eabWrapper
mhWrapper,mhWrapper
qiWrapper,qiWrapper
eqjWrapper,eqjWrapper
blgWrapper,blgWrapper
dedWrapper,dedWrapper
akgWrapper,akgWrapper
dimWrapper,dimWrapper
cxiWrapper,cxiWrapper
fjkWrapper,fjkWrapper
cdhWrapper,cdhWrapper
ffbWrapper,ffbWrapper
chaWrapper,chaWrapper
dulWrapper,dulWrapper
dyeWrapper,dyeWrapper
awfWrapper,awfWrapper
erzWrapper,erzWrapper
ryWrapper,ryWrapper
bsvWrapper,bsvWrapper
nxWrapper,nxWrapper
bqWrapper,bqWrapper
ckqWrapper,ckqWrapper
cgxWrapper,cgxWrapper
dzuWrapper,dzuWrapper
dftWrapper,dftWrapper
ahwWrapper,ahwWrapper
fysWrapper,fysWrapper
cwpWrapper,cwpWrapper
almWrapper,almWrapper
dbnWrapper,dbnWrapper
dngWrapper,dngWrapper
csjWrapper,csjWrapper
ccbWrapper,ccbWrapper
fmaWrapper,fmaWrapper
cokWrapper,cokWrapper
fahWrapper,fahWrapper
drfWrapper,drfWrapper
aplWrapper,aplWrapper
bwlWrapper,bwlWrapper
fWrapper,fWrapper
fkWrapper,fkWrapper
ejaWrapper,ejaWrapper
jbWrapper,jbWrapper
efhWrapper,efhWrapper
vcWrapper,vcWrapper
eziWrapper,eziWrapper
zjWrapper,zjWrapper
bkmWrapper,bkmWrapper
fbxWrapper,fbxWrapper
fnqWrapper,fnqWrapper
actWrapper,actWrapper
dmwWrapper,dmwWrapper
cpzWrapper,cpzWrapper
yzWrapper,yzWrapper
eupWrapper,eupWrapper
usWrapper,usWrapper
bdtWrapper,bdtWrapper
bxuWrapper,bxuWrapper
irWrapper,irWrapper
eexWrapper,eexWrapper
eiqWrapper,eiqWrapper
fkwWrapper,fkwWrapper
cetWrapper,cetWrapper
dtpWrapper,dtpWrapper
azsWrapper,azsWrapper
dxyWrapper,dxyWrapper
avzWrapper,avzWrapper
ddxWrapper,ddxWrapper
dhqWrapper,dhqWrapper
afrWrapper,afrWrapper
fwvWrapper,fwvWrapper
cyuWrapper,cyuWrapper
puWrapper,puWrapper
epvWrapper,epvWrapper
bqzWrapper,bqzWrapper
ltWrapper,ltWrapper
dkaWrapper,dkaWrapper
aebWrapper,aebWrapper
dghWrapper,dghWrapper
aikWrapper,aikWrapper
ftfWrapper,ftfWrapper
czeWrapper,czeWrapper
fxoWrapper,fxoWrapper
cvlWrapper,cvlWrapper
fdnWrapper,fdnWrapper
cjmWrapper,cjmWrapper
fhgWrapper,fhgWrapper
cfdWrapper,cfdWrapper
aujWrapper,aujWrapper
aycWrapper,aycWrapper
brjWrapper,brjWrapper
ecnWrapper,ecnWrapper
odWrapper,odWrapper
eogWrapper,eogWrapper
cmWrapper,cmWrapper
esfWrapper,esfWrapper
bbbWrapper,bbbWrapper
bnkWrapper,bnkWrapper
bjqWrapper,bjqWrapper
bfxWrapper,bfxWrapper
bvpWrapper,bvpWrapper
gwWrapper,gwWrapper
egtWrapper,egtWrapper
cnwWrapper,cnwWrapper
aqpWrapper,aqpWrapper
amqWrapper,amqWrapper
dcrWrapper,dcrWrapper
aaxWrapper,aaxWrapper
crvWrapper,crvWrapper
byiWrapper,byiWrapper
hnWrapper,hnWrapper
eddWrapper,eddWrapper
dgWrapper,dgWrapper
ehmWrapper,ehmWrapper
xfWrapper,xfWrapper
etlWrapper,etlWrapper
toWrapper,toWrapper
exeWrapper,exeWrapper
behWrapper,behWrapper
biaWrapper,biaWrapper
abhWrapper,abhWrapper
dlkWrapper,dlkWrapper
anaWrapper,anaWrapper
fslWrapper,fslWrapper
cqfWrapper,cqfWrapper
cmgWrapper,cmgWrapper
fcdWrapper,fcdWrapper
canWrapper,canWrapper
fomWrapper,fomWrapper
dpjWrapper,dpjWrapper
asdWrapper,asdWrapper
fniWrapper,fniWrapper
clcWrapper,clcWrapper
cpbWrapper,cpbWrapper
dafWrapper,dafWrapper
aoeWrapper,aoeWrapper
dmoWrapper,dmoWrapper
aclWrapper,aclWrapper
bheWrapper,bheWrapper
bdlWrapper,bdlWrapper
eyaWrapper,eyaWrapper
euhWrapper,euhWrapper
ybWrapper,ybWrapper
eiiWrapper,eiiWrapper
ecWrapper,ecWrapper
ijWrapper,ijWrapper
bxmWrapper,bxmWrapper
btdWrapper,btdWrapper
fqxWrapper,fqxWrapper
csrWrapper,csrWrapper
dbvWrapper,dbvWrapper
aptWrapper,aptWrapper
fapWrapper,fapWrapper
cosWrapper,cosWrapper
fmyWrapper,fmyWrapper
cczWrapper,cczWrapper
efpWrapper,efpWrapper
ejyWrapper,ejyWrapper
bwtWrapper,bwtWrapper
bkuWrapper,bkuWrapper
zrWrapper,zrWrapper
ezqWrapper,ezqWrapper
booWrapper,booWrapper
galWrapper,galWrapper
raWrapper,raWrapper
erbWrapper,erbWrapper
biWrapper,biWrapper
ebjWrapper,ebjWrapper
bsnWrapper,bsnWrapper
axgWrapper,axgWrapper
dvdWrapper,dvdWrapper
atnWrapper,atnWrapper
dzmWrapper,dzmWrapper
ficWrapper,ficWrapper
ckiWrapper,ckiWrapper
fejWrapper,fejWrapper
cwhWrapper,cwhWrapper
fykWrapper,fykWrapper
fubWrapper,fubWrapper
ahoWrapper,ahoWrapper
dflWrapper,dflWrapper
adfWrapper,adfWrapper
djeWrapper,djeWrapper
mpWrapper,mpWrapper
eazWrapper,eazWrapper
ayWrapper,ayWrapper
emsWrapper,emsWrapper
eqrWrapper,eqrWrapper
qqWrapper,qqWrapper
cxqWrapper,cxqWrapper
fvrWrapper,fvrWrapper
ctxWrapper,ctxWrapper
agvWrapper,agvWrapper
diuWrapper,diuWrapper
dutWrapper,dutWrapper
chyWrapper,chyWrapper
ffzWrapper,ffzWrapper
cdpWrapper,cdpWrapper
fjsWrapper,fjsWrapper
donWrapper,donWrapper
aamWrapper,aamWrapper
dcgWrapper,dcgWrapper
crcWrapper,crcWrapper
cnbWrapper,cnbWrapper
flhWrapper,flhWrapper
cbkWrapper,cbkWrapper
aqeWrapper,aqeWrapper
dsoWrapper,dsoWrapper
bveWrapper,bveWrapper
bzlWrapper,bzlWrapper
egaWrapper,egaWrapper
kkWrapper,kkWrapper
ekhWrapper,ekhWrapper
gbWrapper,gbWrapper
wjWrapper,wjWrapper
bfmWrapper,bfmWrapper
bjdWrapper,bjdWrapper
foxWrapper,foxWrapper
fcqWrapper,fcqWrapper
cmrWrapper,cmrWrapper
aruWrapper,aruWrapper
antWrapper,antWrapper
cqsWrapper,cqsWrapper
fsyWrapper,fsyWrapper
expWrapper,expWrapper
tzWrapper,tzWrapper
etyWrapper,etyWrapper
xsWrapper,xsWrapper
bitWrapper,bitWrapper
ehxWrapper,ehxWrapper
drWrapper,drWrapper
bqoWrapper,bqoWrapper
laWrapper,laWrapper
elbWrapper,elbWrapper
epcWrapper,epcWrapper
bagWrapper,bagWrapper
bmnWrapper,bmnWrapper
afgWrapper,afgWrapper
dhdWrapper,dhdWrapper
ajnWrapper,ajnWrapper
cihWrapper,cihWrapper
fgkWrapper,fgkWrapper
ceaWrapper,ceaWrapper
fkbWrapper,fkbWrapper
avoWrapper,avoWrapper
azfWrapper,azfWrapper
dteWrapper,dteWrapper
spWrapper,spWrapper
essWrapper,essWrapper
cxWrapper,cxWrapper
eorWrapper,eorWrapper
oqWrapper,oqWrapper
cfqWrapper,cfqWrapper
fhrWrapper,fhrWrapper
cjxWrapper,cjxWrapper
ayvWrapper,ayvWrapper
dwuWrapper,dwuWrapper
aewWrapper,aewWrapper
dktWrapper,dktWrapper
cvyWrapper,cvyWrapper
fxzWrapper,fxzWrapper
czpWrapper,czpWrapper
ftsWrapper,ftsWrapper
fuwWrapper,fuwWrapper
djpWrapper,djpWrapper
dfyWrapper,dfyWrapper
ahzWrapper,ahzWrapper
dzxWrapper,dzxWrapper
dvqWrapper,dvqWrapper
fivWrapper,fivWrapper
cguWrapper,cguWrapper
nuWrapper,nuWrapper
envWrapper,envWrapper
bcsWrapper,bcsWrapper
erwWrapper,erwWrapper
rtWrapper,rtWrapper
duaWrapper,duaWrapper
dyhWrapper,dyhWrapper
fjfWrapper,fjfWrapper
cdeWrapper,cdeWrapper
chlWrapper,chlWrapper
fznWrapper,fznWrapper
ctmWrapper,ctmWrapper
fvgWrapper,fvgWrapper
cxdWrapper,cxdWrapper
deiWrapper,deiWrapper
akjWrapper,akjWrapper
agcWrapper,agcWrapper
bljWrapper,bljWrapper
qdWrapper,qdWrapper
emfWrapper,emfWrapper
alWrapper,alWrapper
eaoWrapper,eaoWrapper
meWrapper,meWrapper
bpkWrapper,bpkWrapper
eeuWrapper,eeuWrapper
evWrapper,evWrapper
btqWrapper,btqWrapper
bxxWrapper,bxxWrapper
bdyWrapper,bdyWrapper
bhpWrapper,bhpWrapper
ywWrapper,ywWrapper
eytWrapper,eytWrapper
cpwWrapper,cpwWrapper
acyWrapper,acyWrapper
dmzWrapper,dmzWrapper
aopWrapper,aopWrapper
dasWrapper,dasWrapper
asqWrapper,asqWrapper
clvWrapper,clvWrapper
fbuWrapper,fbuWrapper
bgiWrapper,bgiWrapper
vnWrapper,vnWrapper
ezdWrapper,ezdWrapper
zgWrapper,zgWrapper
ffWrapper,ffWrapper
ejlWrapper,ejlWrapper
joWrapper,joWrapper
efeWrapper,efeWrapper
bwaWrapper,bwaWrapper
kWrapper,kWrapper
drkWrapper,drkWrapper
apaWrapper,apaWrapper
ccoWrapper,ccoWrapper
fmlWrapper,fmlWrapper
cofWrapper,cofWrapper
faeWrapper,faeWrapper
csgWrapper,csgWrapper
dbcWrapper,dbcWrapper
dnjWrapper,dnjWrapper
brtWrapper,brtWrapper
ozWrapper,ozWrapper
ecpWrapper,ecpWrapper
csWrapper,csWrapper
bnuWrapper,bnuWrapper
aiuWrapper,aiuWrapper
cvrWrapper,cvrWrapper
fxqWrapper,fxqWrapper
cjsWrapper,cjsWrapper
fdpWrapper,fdpWrapper
cfzWrapper,cfzWrapper
fhyWrapper,fhyWrapper
autWrapper,autWrapper
pkWrapper,pkWrapper
balWrapper,balWrapper
bqdWrapper,bqdWrapper
ljWrapper,ljWrapper
cejWrapper,cejWrapper
fkiWrapper,fkiWrapper
cicWrapper,cicWrapper
azmWrapper,azmWrapper
dtnWrapper,dtnWrapper
dhoWrapper,dhoWrapper
cubWrapper,cubWrapper
cykWrapper,cykWrapper
fwhWrapper,fwhWrapper
dluWrapper,dluWrapper
abvWrapper,abvWrapper
fsrWrapper,fsrWrapper
cqxWrapper,cqxWrapper
fczWrapper,fczWrapper
cmyWrapper,cmyWrapper
capWrapper,capWrapper
dptWrapper,dptWrapper
bywWrapper,bywWrapper
edzWrapper,edzWrapper
hpWrapper,hpWrapper
ehsWrapper,ehsWrapper
dyWrapper,dyWrapper
xxWrapper,xxWrapper
tqWrapper,tqWrapper
bevWrapper,bevWrapper
flcWrapper,flcWrapper
cniWrapper,cniWrapper
dsdWrapper,dsdWrapper
aqnWrapper,aqnWrapper
amoWrapper,amoWrapper
doeWrapper,doeWrapper
aafWrapper,aafWrapper
crhWrapper,crhWrapper
waWrapper,waWrapper
bjoWrapper,bjoWrapper
bffWrapper,bffWrapper
bzgWrapper,bzgWrapper
bvnWrapper,bvnWrapper
ekcWrapper,ekcWrapper
giWrapper,giWrapper
egjWrapper,egjWrapper
efnWrapper,efnWrapper
fmWrapper,fmWrapper
ejgWrapper,ejgWrapper
bwjWrapper,bwjWrapper
bgbWrapper,bgbWrapper
bkkWrapper,bkkWrapper
zlWrapper,zlWrapper
veWrapper,veWrapper
ezoWrapper,ezoWrapper
cslWrapper,cslWrapper
dnaWrapper,dnaWrapper
alkWrapper,alkWrapper
dbhWrapper,dbhWrapper
comWrapper,comWrapper
fanWrapper,fanWrapper
ccdWrapper,ccdWrapper
fmgWrapper,fmgWrapper
bdrWrapper,bdrWrapper
uuWrapper,uuWrapper
euvWrapper,euvWrapper
eiwWrapper,eiwWrapper
itWrapper,itWrapper
bxsWrapper,bxsWrapper
btzWrapper,btzWrapper
dqpWrapper,dqpWrapper
aszWrapper,aszWrapper
daxWrapper,daxWrapper
dmqWrapper,dmqWrapper
fvlWrapper,fvlWrapper
cxoWrapper,cxoWrapper
fzeWrapper,fzeWrapper
ctfWrapper,ctfWrapper
dikWrapper,dikWrapper
aghWrapper,aghWrapper
debWrapper,debWrapper
akaWrapper,akaWrapper
dycWrapper,dycWrapper
dujWrapper,dujWrapper
ffdWrapper,ffdWrapper
chgWrapper,chgWrapper
fjmWrapper,fjmWrapper
cdnWrapper,cdnWrapper
eadWrapper,eadWrapper
mnWrapper,mnWrapper
emmWrapper,emmWrapper
agWrapper,agWrapper
blaWrapper,blaWrapper
eqlWrapper,eqlWrapper
qoWrapper,qoWrapper
dvzWrapper,dvzWrapper
axyWrapper,axyWrapper
dzsWrapper,dzsWrapper
atpWrapper,atpWrapper
fetWrapper,fetWrapper
ckwWrapper,ckwWrapper
fyuWrapper,fyuWrapper
cwvWrapper,cwvWrapper
dfrWrapper,dfrWrapper
ahqWrapper,ahqWrapper
adxWrapper,adxWrapper
boqWrapper,boqWrapper
bcxWrapper,bcxWrapper
bwWrapper,bwWrapper
ebtWrapper,ebtWrapper
bspWrapper,bspWrapper
tdWrapper,tdWrapper
exnWrapper,exnWrapper
xmWrapper,xmWrapper
etgWrapper,etgWrapper
bijWrapper,bijWrapper
becWrapper,becWrapper
bybWrapper,bybWrapper
bukWrapper,bukWrapper
dlWrapper,dlWrapper
ehfWrapper,ehfWrapper
heWrapper,heWrapper
edoWrapper,edoWrapper
fofWrapper,fofWrapper
cmlWrapper,cmlWrapper
fcoWrapper,fcoWrapper
dpaWrapper,dpaWrapper
arkWrapper,arkWrapper
anjWrapper,anjWrapper
abcWrapper,abcWrapper
cqmWrapper,cqmWrapper
fsgWrapper,fsgWrapper
bzrWrapper,bzrWrapper
kuWrapper,kuWrapper
ewwWrapper,ewwWrapper
wtWrapper,wtWrapper
bfsWrapper,bfsWrapper
bjzWrapper,bjzWrapper
aasWrapper,aasWrapper
dopWrapper,dopWrapper
amzWrapper,amzWrapper
cbuWrapper,cbuWrapper
flvWrapper,flvWrapper
dsqWrapper,dsqWrapper
fhlWrapper,fhlWrapper
cfoWrapper,cfoWrapper
fdeWrapper,fdeWrapper
cjfWrapper,cjfWrapper
dwkWrapper,dwkWrapper
ayhWrapper,ayhWrapper
auaWrapper,auaWrapper
dgcWrapper,dgcWrapper
dkjWrapper,dkjWrapper
aeiWrapper,aeiWrapper
fxdWrapper,fxdWrapper
cvgWrapper,cvgWrapper
cznWrapper,cznWrapper
snWrapper,snWrapper
bbiWrapper,bbiWrapper
braWrapper,braWrapper
cfWrapper,cfWrapper
eceWrapper,eceWrapper
ooWrapper,ooWrapper
dhzWrapper,dhzWrapper
afyWrapper,afyWrapper
ddsWrapper,ddsWrapper
ajpWrapper,ajpWrapper
cuwWrapper,cuwWrapper
fguWrapper,fguWrapper
civWrapper,civWrapper
dxrWrapper,dxrWrapper
avqWrapper,avqWrapper
bqqWrapper,bqqWrapper
bayWrapper,bayWrapper
bmpWrapper,bmpWrapper
bltWrapper,bltWrapper
qzWrapper,qzWrapper
eqyWrapper,eqyWrapper
arWrapper,arWrapper
eaqWrapper,eaqWrapper
bpuWrapper,bpuWrapper
awuWrapper,awuWrapper
dyvWrapper,dyvWrapper
fjxWrapper,fjxWrapper
chrWrapper,chrWrapper
ffqWrapper,ffqWrapper
ctsWrapper,ctsWrapper
fzpWrapper,fzpWrapper
cxzWrapper,cxzWrapper
fvyWrapper,fvyWrapper
aktWrapper,aktWrapper
nkWrapper,nkWrapper
ebaWrapper,ebaWrapper
bbWrapper,bbWrapper
enhWrapper,enhWrapper
bseWrapper,bseWrapper
bodWrapper,bodWrapper
gagWrapper,gagWrapper
eriWrapper,eriWrapper
rjWrapper,rjWrapper
fuiWrapper,fuiWrapper
cwcWrapper,cwcWrapper
djnWrapper,djnWrapper
ahdWrapper,ahdWrapper
dfgWrapper,dfgWrapper
dzfWrapper,dzfWrapper
axlWrapper,axlWrapper
dvoWrapper,dvoWrapper
ckbWrapper,ckbWrapper
feaWrapper,feaWrapper
cgkWrapper,cgkWrapper
fihWrapper,fihWrapper
druWrapper,druWrapper
fmrWrapper,fmrWrapper
coxWrapper,coxWrapper
csyWrapper,csyWrapper
dntWrapper,dntWrapper
bgwWrapper,bgwWrapper
ezzWrapper,ezzWrapper
zyWrapper,zyWrapper
ejrWrapper,ejrWrapper
fxWrapper,fxWrapper
uWrapper,uWrapper
cpiWrapper,cpiWrapper
dmdWrapper,dmdWrapper
acgWrapper,acgWrapper
damWrapper,damWrapper
aonWrapper,aonWrapper
asoWrapper,asoWrapper
fbkWrapper,fbkWrapper
fnbWrapper,fnbWrapper
eekWrapper,eekWrapper
iaWrapper,iaWrapper
ehWrapper,ehWrapper
bxfWrapper,bxfWrapper
bdgWrapper,bdgWrapper
bhnWrapper,bhnWrapper
eucWrapper,eucWrapper
yiWrapper,yiWrapper
eyjWrapper,eyjWrapper
cuoWrapper,cuoWrapper
cyfWrapper,cyfWrapper
fweWrapper,fweWrapper
ajhWrapper,ajhWrapper
afaWrapper,afaWrapper
dhbWrapper,dhbWrapper
dtcWrapper,dtcWrapper
aviWrapper,aviWrapper
cegWrapper,cegWrapper
fkdWrapper,fkdWrapper
cinWrapper,cinWrapper
fgmWrapper,fgmWrapper
eldWrapper,eldWrapper
lgWrapper,lgWrapper
bqiWrapper,bqiWrapper
bmhWrapper,bmhWrapper
baaWrapper,baaWrapper
epeWrapper,epeWrapper
aypWrapper,aypWrapper
dwsWrapper,dwsWrapper
fhtWrapper,fhtWrapper
czvWrapper,czvWrapper
aeqWrapper,aeqWrapper
dkrWrapper,dkrWrapper
aixWrapper,aixWrapper
bnxWrapper,bnxWrapper
esuWrapper,esuWrapper
svWrapper,svWrapper
owWrapper,owWrapper
bryWrapper,bryWrapper
eknWrapper,eknWrapper
eggWrapper,eggWrapper
kmWrapper,kmWrapper
bzjWrapper,bzjWrapper
bvcWrapper,bvcWrapper
bjbWrapper,bjbWrapper
bfkWrapper,bfkWrapper
wlWrapper,wlWrapper
creWrapper,creWrapper
dcaWrapper,dcaWrapper
ambWrapper,ambWrapper
dohWrapper,dohWrapper
aakWrapper,aakWrapper
dsiWrapper,dsiWrapper
cbmWrapper,cbmWrapper
cndWrapper,cndWrapper
birWrapper,birWrapper
xuWrapper,xuWrapper
dtWrapper,dtWrapper
busWrapper,busWrapper
byzWrapper,byzWrapper
arsWrapper,arsWrapper
dpyWrapper,dpyWrapper
fcwWrapper,fcwWrapper
cmtWrapper,cmtWrapper
cquWrapper,cquWrapper
dlxWrapper,dlxWrapper
anrWrapper,anrWrapper
aovWrapper,aovWrapper
dauWrapper,dauWrapper
cpqWrapper,cpqWrapper
clpWrapper,clpWrapper
fbsWrapper,fbsWrapper
aswWrapper,aswWrapper
epWrapper,epWrapper
eizWrapper,eizWrapper
iyWrapper,iyWrapper
eesWrapper,eesWrapper
uxWrapper,uxWrapper
yqWrapper,yqWrapper
bhvWrapper,bhvWrapper
facWrapper,facWrapper
cciWrapper,cciWrapper
apgWrapper,apgWrapper
drmWrapper,drmWrapper
dnlWrapper,dnlWrapper
alfWrapper,alfWrapper
dbeWrapper,dbeWrapper
csaWrapper,csaWrapper
zaWrapper,zaWrapper
evkWrapper,evkWrapper
vhWrapper,vhWrapper
ezbWrapper,ezbWrapper
bgoWrapper,bgoWrapper
bkfWrapper,bkfWrapper
bwgWrapper,bwgWrapper
mWrapper,mWrapper
jiWrapper,jiWrapper
ejjWrapper,ejjWrapper
bzWrapper,bzWrapper
ebyWrapper,ebyWrapper
nsWrapper,nsWrapper
rrWrapper,rrWrapper
erqWrapper,erqWrapper
bcuWrapper,bcuWrapper
djvWrapper,djvWrapper
aduWrapper,aduWrapper
fyxWrapper,fyxWrapper
fuqWrapper,fuqWrapper
fipWrapper,fipWrapper
cgsWrapper,cgsWrapper
ckzWrapper,ckzWrapper
eqaWrapper,eqaWrapper
qbWrapper,qbWrapper
bllWrapper,bllWrapper
eaiWrapper,eaiWrapper
ajWrapper,ajWrapper
chjWrapper,chjWrapper
cdcWrapper,cdcWrapper
dynWrapper,dynWrapper
awmWrapper,awmWrapper
dugWrapper,dugWrapper
difWrapper,difWrapper
ageWrapper,ageWrapper
deoWrapper,deoWrapper
aklWrapper,aklWrapper
fvaWrapper,fvaWrapper
cxbWrapper,cxbWrapper
fzhWrapper,fzhWrapper
ctkWrapper,ctkWrapper
aqvWrapper,aqvWrapper
cnqWrapper,cnqWrapper
cbxWrapper,cbxWrapper
fpzWrapper,fpzWrapper
crpWrapper,crpWrapper
amwWrapper,amwWrapper
bjwWrapper,bjwWrapper
wyWrapper,wyWrapper
kxWrapper,kxWrapper
bvvWrapper,bvvWrapper
angWrapper,angWrapper
abnWrapper,abnWrapper
dlmWrapper,dlmWrapper
dplWrapper,dplWrapper
arfWrapper,arfWrapper
cahWrapper,cahWrapper
cmaWrapper,cmaWrapper
fcbWrapper,fcbWrapper
daWrapper,daWrapper
ehkWrapper,ehkWrapper
hhWrapper,hhWrapper
byoWrapper,byoWrapper
bufWrapper,bufWrapper
bigWrapper,bigWrapper
benWrapper,benWrapper
tiWrapper,tiWrapper
excWrapper,excWrapper
etjWrapper,etjWrapper
batWrapper,batWrapper
eppWrapper,eppWrapper
psWrapper,psWrapper
lrWrapper,lrWrapper
elqWrapper,elqWrapper
dtvWrapper,dtvWrapper
fgxWrapper,fgxWrapper
fkqWrapper,fkqWrapper
cerWrapper,cerWrapper
cysWrapper,cysWrapper
cuzWrapper,cuzWrapper
dhwWrapper,dhwWrapper
aftWrapper,aftWrapper
eoaWrapper,eoaWrapper
ckWrapper,ckWrapper
echWrapper,echWrapper
obWrapper,obWrapper
brlWrapper,brlWrapper
bnmWrapper,bnmWrapper
scWrapper,scWrapper
fxiWrapper,fxiWrapper
cvjWrapper,cvjWrapper
czcWrapper,czcWrapper
dgnWrapper,dgnWrapper
dkgWrapper,dkgWrapper
aedWrapper,aedWrapper
dwfWrapper,dwfWrapper
aulWrapper,aulWrapper
fhaWrapper,fhaWrapper
cfbWrapper,cfbWrapper
fdhWrapper,fdhWrapper
cjkWrapper,cjkWrapper
ckoWrapper,ckoWrapper
felWrapper,felWrapper
cgfWrapper,cgfWrapper
fieWrapper,fieWrapper
dzkWrapper,dzkWrapper
axaWrapper,axaWrapper
dvbWrapper,dvbWrapper
djcWrapper,djcWrapper
ahiWrapper,ahiWrapper
dfjWrapper,dfjWrapper
fudWrapper,fudWrapper
cwnWrapper,cwnWrapper
fymWrapper,fymWrapper
erdWrapper,erdWrapper
rgWrapper,rgWrapper
boiWrapper,boiWrapper
gajWrapper,gajWrapper
bshWrapper,bshWrapper
nfWrapper,nfWrapper
eblWrapper,eblWrapper
boWrapper,boWrapper
eneWrapper,eneWrapper
akyWrapper,akyWrapper
dezWrapper,dezWrapper
agpWrapper,agpWrapper
disWrapper,disWrapper
cxwWrapper,cxwWrapper
cdvWrapper,cdvWrapper
fjuWrapper,fjuWrapper
durWrapper,durWrapper
awxWrapper,awxWrapper
bpxWrapper,bpxWrapper
emuWrapper,emuWrapper
mvWrapper,mvWrapper
qwWrapper,qwWrapper
eqtWrapper,eqtWrapper
blyWrapper,blyWrapper
ydWrapper,ydWrapper
eygWrapper,eygWrapper
umWrapper,umWrapper
bdjWrapper,bdjWrapper
bhcWrapper,bhcWrapper
btbWrapper,btbWrapper
bxkWrapper,bxkWrapper
eefWrapper,eefWrapper
eioWrapper,eioWrapper
eeWrapper,eeWrapper
fbfWrapper,fbfWrapper
cleWrapper,cleWrapper
fnoWrapper,fnoWrapper
asbWrapper,asbWrapper
dqhWrapper,dqhWrapper
dmiWrapper,dmiWrapper
acjWrapper,acjWrapper
aocWrapper,aocWrapper
frnWrapper,frnWrapper
cpdWrapper,cpdWrapper
xWrapper,xWrapper
bwrWrapper,bwrWrapper
fuWrapper,fuWrapper
efvWrapper,efvWrapper
ztWrapper,ztWrapper
bksWrapper,bksWrapper
bgzWrapper,bgzWrapper
dbpWrapper,dbpWrapper
alsWrapper,alsWrapper
dnyWrapper,dnyWrapper
cstWrapper,cstWrapper
favWrapper,favWrapper
couWrapper,couWrapper
drxWrapper,drxWrapper
fmuWrapper,fmuWrapper
ccvWrapper,ccvWrapper
apxWrapper,apxWrapper
fqtWrapper,fqtWrapper
vwWrapper,vwWrapper
bgpWrapper,bgpWrapper
bkyWrapper,bkyWrapper
rWrapper,rWrapper
bwxWrapper,bwxWrapper
jvWrapper,jvWrapper
ejuWrapper,ejuWrapper
dajWrapper,dajWrapper
dmcWrapper,dmcWrapper
cpnWrapper,cpnWrapper
fneWrapper,fneWrapper
fblWrapper,fblWrapper
cloWrapper,cloWrapper
dqbWrapper,dqbWrapper
ashWrapper,ashWrapper
bxaWrapper,bxaWrapper
bthWrapper,bthWrapper
eieWrapper,eieWrapper
eoWrapper,eoWrapper
eelWrapper,eelWrapper
eymWrapper,eymWrapper
ugWrapper,ugWrapper
ynWrapper,ynWrapper
bhiWrapper,bhiWrapper
bprWrapper,bprWrapper
eavWrapper,eavWrapper
auWrapper,auWrapper
chuWrapper,chuWrapper
ffvWrapper,ffvWrapper
awrWrapper,awrWrapper
duxWrapper,duxWrapper
agzWrapper,agzWrapper
diyWrapper,diyWrapper
aksWrapper,aksWrapper
depWrapper,depWrapper
cttWrapper,cttWrapper
bsbWrapper,bsbWrapper
beWrapper,beWrapper
enoWrapper,enoWrapper
nlWrapper,nlWrapper
ebfWrapper,ebfWrapper
rmWrapper,rmWrapper
ernWrapper,ernWrapper
bocWrapper,bocWrapper
bcjWrapper,bcjWrapper
adjWrapper,adjWrapper
djiWrapper,djiWrapper
cwdWrapper,cwdWrapper
fygWrapper,fygWrapper
funWrapper,funWrapper
cglWrapper,cglWrapper
fioWrapper,fioWrapper
ckeWrapper,ckeWrapper
fefWrapper,fefWrapper
axkWrapper,axkWrapper
dvhWrapper,dvhWrapper
atbWrapper,atbWrapper
dzaWrapper,dzaWrapper
aufWrapper,aufWrapper
ayoWrapper,ayoWrapper
fdbWrapper,fdbWrapper
cjaWrapper,cjaWrapper
fhkWrapper,fhkWrapper
cfhWrapper,cfhWrapper
ftjWrapper,ftjWrapper
cziWrapper,cziWrapper
fxcWrapper,fxcWrapper
dkmWrapper,dkmWrapper
aenWrapper,aenWrapper
dgdWrapper,dgdWrapper
aigWrapper,aigWrapper
bbnWrapper,bbnWrapper
bngWrapper,bngWrapper
esjWrapper,esjWrapper
siWrapper,siWrapper
ecbWrapper,ecbWrapper
ohWrapper,ohWrapper
eokWrapper,eokWrapper
caWrapper,caWrapper
brfWrapper,brfWrapper
cupWrapper,cupWrapper
fwzWrapper,fwzWrapper
cyyWrapper,cyyWrapper
avvWrapper,avvWrapper
cexWrapper,cexWrapper
fgrWrapper,fgrWrapper
ciqWrapper,ciqWrapper
lxWrapper,lxWrapper
bmwWrapper,bmwWrapper
pyWrapper,pyWrapper
epzWrapper,epzWrapper
bedWrapper,bedWrapper
bimWrapper,bimWrapper
xjWrapper,xjWrapper
tcWrapper,tcWrapper
exiWrapper,exiWrapper
edhWrapper,edhWrapper
ehaWrapper,ehaWrapper
bulWrapper,bulWrapper
byeWrapper,byeWrapper
arlWrapper,arlWrapper
dpfWrapper,dpfWrapper
cmkWrapper,cmkWrapper
fchWrapper,fchWrapper
cabWrapper,cabWrapper
cqjWrapper,cqjWrapper
dlgWrapper,dlgWrapper
anmWrapper,anmWrapper
ekqWrapper,ekqWrapper
krWrapper,krWrapper
wsWrapper,wsWrapper
ewpWrapper,ewpWrapper
crzWrapper,crzWrapper
fppWrapper,fppWrapper
aatWrapper,aatWrapper
dowWrapper,dowWrapper
dsvWrapper,dsvWrapper
cbrWrapper,cbrWrapper
deeWrapper,deeWrapper
akfWrapper,akfWrapper
dilWrapper,dilWrapper
agoWrapper,agoWrapper
fzbWrapper,fzbWrapper
ctaWrapper,ctaWrapper
cxhWrapper,cxhWrapper
fjjWrapper,fjjWrapper
cdiWrapper,cdiWrapper
ffcWrapper,ffcWrapper
dumWrapper,dumWrapper
awgWrapper,awgWrapper
bpgWrapper,bpgWrapper
eacWrapper,eacWrapper
miWrapper,miWrapper
qhWrapper,qhWrapper
eqkWrapper,eqkWrapper
blfWrapper,blfWrapper
fesWrapper,fesWrapper
ckpWrapper,ckpWrapper
fizWrapper,fizWrapper
cgyWrapper,cgyWrapper
dztWrapper,dztWrapper
atwWrapper,atwWrapper
dfuWrapper,dfuWrapper
ahvWrapper,ahvWrapper
fyrWrapper,fyrWrapper
cwqWrapper,cwqWrapper
bovWrapper,bovWrapper
nyWrapper,nyWrapper
enzWrapper,enzWrapper
bpWrapper,bpWrapper
bwmWrapper,bwmWrapper
gWrapper,gWrapper
fjWrapper,fjWrapper
jcWrapper,jcWrapper
efiWrapper,efiWrapper
vbWrapper,vbWrapper
ezhWrapper,ezhWrapper
zkWrapper,zkWrapper
evaWrapper,evaWrapper
bklWrapper,bklWrapper
bgeWrapper,bgeWrapper
allWrapper,allWrapper
dboWrapper,dboWrapper
dnfWrapper,dnfWrapper
cskWrapper,cskWrapper
cccWrapper,cccWrapper
cojWrapper,cojWrapper
faiWrapper,faiWrapper
drgWrapper,drgWrapper
apmWrapper,apmWrapper
urWrapper,urWrapper
eyxWrapper,eyxWrapper
bxtWrapper,bxtWrapper
isWrapper,isWrapper
eeyWrapper,eeyWrapper
ezWrapper,ezWrapper
eipWrapper,eipWrapper
clzWrapper,clzWrapper
fbyWrapper,fbyWrapper
fnpWrapper,fnpWrapper
dqwWrapper,dqwWrapper
acuWrapper,acuWrapper
dmvWrapper,dmvWrapper
fsuWrapper,fsuWrapper
anxWrapper,anxWrapper
dlrWrapper,dlrWrapper
abqWrapper,abqWrapper
dpsWrapper,dpsWrapper
aryWrapper,aryWrapper
cawWrapper,cawWrapper
ehtWrapper,ehtWrapper
hwWrapper,hwWrapper
buyWrapper,buyWrapper
bixWrapper,bixWrapper
tvWrapper,tvWrapper
etuWrapper,etuWrapper
cnnWrapper,cnnWrapper
fldWrapper,fldWrapper
cbgWrapper,cbgWrapper
fpeWrapper,fpeWrapper
croWrapper,croWrapper
dobWrapper,dobWrapper
aaaWrapper,aaaWrapper
dckWrapper,dckWrapper
amhWrapper,amhWrapper
bfaWrapper,bfaWrapper
bjhWrapper,bjhWrapper
eweWrapper,eweWrapper
wfWrapper,wfWrapper
egmWrapper,egmWrapper
kgWrapper,kgWrapper
ekdWrapper,ekdWrapper
gnWrapper,gnWrapper
bviWrapper,bviWrapper
ctWrapper,ctWrapper
ecwWrapper,ecwWrapper
brsWrapper,brsWrapper
bnrWrapper,bnrWrapper
cvuWrapper,cvuWrapper
airWrapper,airWrapper
dgqWrapper,dgqWrapper
dkxWrapper,dkxWrapper
ayzWrapper,ayzWrapper
dwyWrapper,dwyWrapper
ausWrapper,ausWrapper
cjtWrapper,cjtWrapper
fdwWrapper,fdwWrapper
bakWrapper,bakWrapper
epoWrapper,epoWrapper
plWrapper,plWrapper
bqcWrapper,bqcWrapper
azjWrapper,azjWrapper
dtiWrapper,dtiWrapper
cidWrapper,cidWrapper
fggWrapper,fggWrapper
cemWrapper,cemWrapper
fknWrapper,fknWrapper
cylWrapper,cylWrapper
fwoWrapper,fwoWrapper
cueWrapper,cueWrapper
afkWrapper,afkWrapper
dhhWrapper,dhhWrapper
ajbWrapper,ajbWrapper
bhdWrapper,bhdWrapper
euiWrapper,euiWrapper
ycWrapper,ycWrapper
eihWrapper,eihWrapper
ebWrapper,ebWrapper
eeaWrapper,eeaWrapper
ikWrapper,ikWrapper
bxlWrapper,bxlWrapper
bteWrapper,bteWrapper
dqoWrapper,dqoWrapper
fnhWrapper,fnhWrapper
fbaWrapper,fbaWrapper
clbWrapper,clbWrapper
cpcWrapper,cpcWrapper
dagWrapper,dagWrapper
aodWrapper,aodWrapper
dmnWrapper,dmnWrapper
acmWrapper,acmWrapper
efqWrapper,efqWrapper
ejxWrapper,ejxWrapper
frWrapper,frWrapper
bwuWrapper,bwuWrapper
bktWrapper,bktWrapper
zsWrapper,zsWrapper
ezpWrapper,ezpWrapper
vzWrapper,vzWrapper
cssWrapper,cssWrapper
dbwWrapper,dbwWrapper
altWrapper,altWrapper
apuWrapper,apuWrapper
faqWrapper,faqWrapper
corWrapper,corWrapper
axfWrapper,axfWrapper
dveWrapper,dveWrapper
atoWrapper,atoWrapper
dzlWrapper,dzlWrapper
cgaWrapper,cgaWrapper
fibWrapper,fibWrapper
fekWrapper,fekWrapper
cwiWrapper,cwiWrapper
fyjWrapper,fyjWrapper
fucWrapper,fucWrapper
adgWrapper,adgWrapper
djdWrapper,djdWrapper
bonWrapper,bonWrapper
gamWrapper,gamWrapper
bhWrapper,bhWrapper
enbWrapper,enbWrapper
naWrapper,naWrapper
ebkWrapper,ebkWrapper
bsoWrapper,bsoWrapper
ctyWrapper,ctyWrapper
fzzWrapper,fzzWrapper
agwWrapper,agwWrapper
ditWrapper,ditWrapper
duuWrapper,duuWrapper
chxWrapper,chxWrapper
cdqWrapper,cdqWrapper
fjrWrapper,fjrWrapper
mqWrapper,mqWrapper
axWrapper,axWrapper
emrWrapper,emrWrapper
eqsWrapper,eqsWrapper
qpWrapper,qpWrapper
ptWrapper,ptWrapper
epwWrapper,epwWrapper
bmzWrapper,bmzWrapper
basWrapper,basWrapper
elvWrapper,elvWrapper
luWrapper,luWrapper
fkvWrapper,fkvWrapper
ceuWrapper,ceuWrapper
dtqWrapper,dtqWrapper
azrWrapper,azrWrapper
dxxWrapper,dxxWrapper
ddyWrapper,ddyWrapper
ajzWrapper,ajzWrapper
dhpWrapper,dhpWrapper
afsWrapper,afsWrapper
fwwWrapper,fwwWrapper
cytWrapper,cytWrapper
brkWrapper,brkWrapper
ecoWrapper,ecoWrapper
oeWrapper,oeWrapper
eofWrapper,eofWrapper
clWrapper,clWrapper
esgWrapper,esgWrapper
sdWrapper,sdWrapper
bbcWrapper,bbcWrapper
bnjWrapper,bnjWrapper
aecWrapper,aecWrapper
dgiWrapper,dgiWrapper
aijWrapper,aijWrapper
ftgWrapper,ftgWrapper
czdWrapper,czdWrapper
fxnWrapper,fxnWrapper
cvmWrapper,cvmWrapper
fdoWrapper,fdoWrapper
cjlWrapper,cjlWrapper
fhfWrapper,fhfWrapper
cfeWrapper,cfeWrapper
aukWrapper,aukWrapper
dwaWrapper,dwaWrapper
aybWrapper,aybWrapper
cnvWrapper,cnvWrapper
ampWrapper,ampWrapper
dcsWrapper,dcsWrapper
aayWrapper,aayWrapper
dozWrapper,dozWrapper
crwWrapper,crwWrapper
bjpWrapper,bjpWrapper
bfyWrapper,bfyWrapper
bzxWrapper,bzxWrapper
bvqWrapper,bvqWrapper
gvWrapper,gvWrapper
eguWrapper,eguWrapper
abiWrapper,abiWrapper
dljWrapper,dljWrapper
fsmWrapper,fsmWrapper
cqgWrapper,cqgWrapper
cmfWrapper,cmfWrapper
fceWrapper,fceWrapper
caoWrapper,caoWrapper
araWrapper,araWrapper
dpkWrapper,dpkWrapper
buaWrapper,buaWrapper
byhWrapper,byhWrapper
hoWrapper,hoWrapper
edeWrapper,edeWrapper
dfWrapper,dfWrapper
ehlWrapper,ehlWrapper
xgWrapper,xgWrapper
etmWrapper,etmWrapper
tnWrapper,tnWrapper
beiWrapper,beiWrapper
ntWrapper,ntWrapper
bcrWrapper,bcrWrapper
ruWrapper,ruWrapper
fuvWrapper,fuvWrapper
dfxWrapper,dfxWrapper
dzyWrapper,dzyWrapper
atzWrapper,atzWrapper
dvpWrapper,dvpWrapper
axsWrapper,axsWrapper
fiwWrapper,fiwWrapper
cgtWrapper,cgtWrapper
blkWrapper,blkWrapper
qeWrapper,qeWrapper
eqfWrapper,eqfWrapper
emgWrapper,emgWrapper
amWrapper,amWrapper
eanWrapper,eanWrapper
mdWrapper,mdWrapper
bpjWrapper,bpjWrapper
awjWrapper,awjWrapper
fjgWrapper,fjgWrapper
chmWrapper,chmWrapper
ctlWrapper,ctlWrapper
fvfWrapper,fvfWrapper
cxeWrapper,cxeWrapper
dehWrapper,dehWrapper
akkWrapper,akkWrapper
diaWrapper,diaWrapper
agbWrapper,agbWrapper
cpvWrapper,cpvWrapper
acxWrapper,acxWrapper
aoqWrapper,aoqWrapper
darWrapper,darWrapper
aspWrapper,aspWrapper
dqzWrapper,dqzWrapper
clwWrapper,clwWrapper
fbtWrapper,fbtWrapper
eetWrapper,eetWrapper
ewWrapper,ewWrapper
btpWrapper,btpWrapper
bxyWrapper,bxyWrapper
bhqWrapper,bhqWrapper
yvWrapper,yvWrapper
drjWrapper,drjWrapper
ccnWrapper,ccnWrapper
cogWrapper,cogWrapper
fadWrapper,fadWrapper
csfWrapper,csfWrapper
alaWrapper,alaWrapper
dbbWrapper,dbbWrapper
dnkWrapper,dnkWrapper
bkaWrapper,bkaWrapper
bghWrapper,bghWrapper
voWrapper,voWrapper
ezeWrapper,ezeWrapper
zfWrapper,zfWrapper
fgWrapper,fgWrapper
ejmWrapper,ejmWrapper
efdWrapper,efdWrapper
jWrapper,jWrapper
bvdWrapper,bvdWrapper
bzmWrapper,bzmWrapper
kjWrapper,kjWrapper
ekiWrapper,ekiWrapper
gcWrapper,gcWrapper
ewhWrapper,ewhWrapper
wkWrapper,wkWrapper
bflWrapper,bflWrapper
bjeWrapper,bjeWrapper
dooWrapper,dooWrapper
aalWrapper,aalWrapper
dcfWrapper,dcfWrapper
ameWrapper,ameWrapper
fphWrapper,fphWrapper
crbWrapper,crbWrapper
cncWrapper,cncWrapper
fliWrapper,fliWrapper
cbjWrapper,cbjWrapper
dsnWrapper,dsnWrapper
etxWrapper,etxWrapper
xrWrapper,xrWrapper
biuWrapper,biuWrapper
ehyWrapper,ehyWrapper
dsWrapper,dsWrapper
hzWrapper,hzWrapper
foyWrapper,foyWrapper
fcpWrapper,fcpWrapper
cmsWrapper,cmsWrapper
artWrapper,artWrapper
anuWrapper,anuWrapper
cqrWrapper,cqrWrapper
affWrapper,affWrapper
dheWrapper,dheWrapper
ajoWrapper,ajoWrapper
cyaWrapper,cyaWrapper
fwbWrapper,fwbWrapper
cuhWrapper,cuhWrapper
ciiWrapper,ciiWrapper
fgjWrapper,fgjWrapper
fkcWrapper,fkcWrapper
avnWrapper,avnWrapper
dtdWrapper,dtdWrapper
elcWrapper,elcWrapper
epbWrapper,epbWrapper
paWrapper,paWrapper
bmoWrapper,bmoWrapper
cfpWrapper,cfpWrapper
fhsWrapper,fhsWrapper
cjyWrapper,cjyWrapper
aywWrapper,aywWrapper
dwtWrapper,dwtWrapper
aevWrapper,aevWrapper
dkuWrapper,dkuWrapper
cvxWrapper,cvxWrapper
czqWrapper,czqWrapper
ftrWrapper,ftrWrapper
sqWrapper,sqWrapper
esrWrapper,esrWrapper
bbvWrapper,bbvWrapper
cyWrapper,cyWrapper
eosWrapper,eosWrapper
opWrapper,opWrapper
eczWrapper,eczWrapper
fqgWrapper,fqgWrapper
csmWrapper,csmWrapper
aljWrapper,aljWrapper
dbiWrapper,dbiWrapper
draWrapper,draWrapper
colWrapper,colWrapper
faoWrapper,faoWrapper
fmfWrapper,fmfWrapper
jeWrapper,jeWrapper
efoWrapper,efoWrapper
flWrapper,flWrapper
ejfWrapper,ejfWrapper
bwkWrapper,bwkWrapper
aWrapper,aWrapper
bkjWrapper,bkjWrapper
zmWrapper,zmWrapper
vdWrapper,vdWrapper
eznWrapper,eznWrapper
aozWrapper,aozWrapper
dayWrapper,dayWrapper
dmpWrapper,dmpWrapper
bhzWrapper,bhzWrapper
bdsWrapper,bdsWrapper
utWrapper,utWrapper
iuWrapper,iuWrapper
bxrWrapper,bxrWrapper
eaeWrapper,eaeWrapper
moWrapper,moWrapper
emlWrapper,emlWrapper
afWrapper,afWrapper
bpaWrapper,bpaWrapper
cxnWrapper,cxnWrapper
fzdWrapper,fzdWrapper
ctgWrapper,ctgWrapper
dijWrapper,dijWrapper
agiWrapper,agiWrapper
decWrapper,decWrapper
dybWrapper,dybWrapper
awaWrapper,awaWrapper
dukWrapper,dukWrapper
chfWrapper,chfWrapper
fjlWrapper,fjlWrapper
cdoWrapper,cdoWrapper
bopWrapper,bopWrapper
bcyWrapper,bcyWrapper
bvWrapper,bvWrapper
ebuWrapper,ebuWrapper
bsqWrapper,bsqWrapper
axxWrapper,axxWrapper
dzrWrapper,dzrWrapper
atqWrapper,atqWrapper
feuWrapper,feuWrapper
ckvWrapper,ckvWrapper
cwwWrapper,cwwWrapper
dfsWrapper,dfsWrapper
ahpWrapper,ahpWrapper
djzWrapper,djzWrapper
adyWrapper,adyWrapper
dgwWrapper,dgwWrapper
czzWrapper,czzWrapper
ftyWrapper,ftyWrapper
fxpWrapper,fxpWrapper
cjrWrapper,cjrWrapper
fdqWrapper,fdqWrapper
fhxWrapper,fhxWrapper
auuWrapper,auuWrapper
bruWrapper,bruWrapper
ecqWrapper,ecqWrapper
crWrapper,crWrapper
eoxWrapper,eoxWrapper
esyWrapper,esyWrapper
szWrapper,szWrapper
bntWrapper,bntWrapper
cekWrapper,cekWrapper
cibWrapper,cibWrapper
dtoWrapper,dtoWrapper
aveWrapper,aveWrapper
dxfWrapper,dxfWrapper
ajdWrapper,ajdWrapper
afmWrapper,afmWrapper
dhnWrapper,dhnWrapper
cucWrapper,cucWrapper
cyjWrapper,cyjWrapper
fwiWrapper,fwiWrapper
pjWrapper,pjWrapper
epiWrapper,epiWrapper
bmdWrapper,bmdWrapper
bamWrapper,bamWrapper
bqeWrapper,bqeWrapper
elhWrapper,elhWrapper
byvWrapper,byvWrapper
hqWrapper,hqWrapper
dxWrapper,dxWrapper
etsWrapper,etsWrapper
xyWrapper,xyWrapper
exzWrapper,exzWrapper
tpWrapper,tpWrapper
bewWrapper,bewWrapper
dltWrapper,dltWrapper
abwWrapper,abwWrapper
fssWrapper,fssWrapper
cqyWrapper,cqyWrapper
cmxWrapper,cmxWrapper
caqWrapper,caqWrapper
dpuWrapper,dpuWrapper
ewcWrapper,ewcWrapper
bjnWrapper,bjnWrapper
bfgWrapper,bfgWrapper
bzfWrapper,bzfWrapper
bvoWrapper,bvoWrapper
ekbWrapper,ekbWrapper
ghWrapper,ghWrapper
flbWrapper,flbWrapper
cbaWrapper,cbaWrapper
cnhWrapper,cnhWrapper
dseWrapper,dseWrapper
aqoWrapper,aqoWrapper
amnWrapper,amnWrapper
dodWrapper,dodWrapper
aagWrapper,aagWrapper
criWrapper,criWrapper
awtWrapper,awtWrapper
dywWrapper,dywWrapper
cdzWrapper,cdzWrapper
fjyWrapper,fjyWrapper
ffpWrapper,ffpWrapper
ctrWrapper,ctrWrapper
fzqWrapper,fzqWrapper
fvxWrapper,fvxWrapper
akuWrapper,akuWrapper
devWrapper,devWrapper
bluWrapper,bluWrapper
asWrapper,asWrapper
mzWrapper,mzWrapper
eapWrapper,eapWrapper
bptWrapper,bptWrapper
fuhWrapper,fuhWrapper
cwbWrapper,cwbWrapper
fyaWrapper,fyaWrapper
adlWrapper,adlWrapper
djoWrapper,djoWrapper
dffWrapper,dffWrapper
atdWrapper,atdWrapper
dzgWrapper,dzgWrapper
dvnWrapper,dvnWrapper
ckcWrapper,ckcWrapper
cgjWrapper,cgjWrapper
fiiWrapper,fiiWrapper
njWrapper,njWrapper
bcWrapper,bcWrapper
bsdWrapper,bsdWrapper
bclWrapper,bclWrapper
boeWrapper,boeWrapper
gafWrapper,gafWrapper
erhWrapper,erhWrapper
rkWrapper,rkWrapper
bgvWrapper,bgvWrapper
vqWrapper,vqWrapper
evrWrapper,evrWrapper
zxWrapper,zxWrapper
ejsWrapper,ejsWrapper
tWrapper,tWrapper
drtWrapper,drtWrapper
fmsWrapper,fmsWrapper
ccpWrapper,ccpWrapper
fazWrapper,fazWrapper
coyWrapper,coyWrapper
csxWrapper,csxWrapper
dnuWrapper,dnuWrapper
eicWrapper,eicWrapper
eiWrapper,eiWrapper
btnWrapper,btnWrapper
bdfWrapper,bdfWrapper
bhoWrapper,bhoWrapper
eubWrapper,eubWrapper
yhWrapper,yhWrapper
eykWrapper,eykWrapper
uaWrapper,uaWrapper
cphWrapper,cphWrapper
dmeWrapper,dmeWrapper
acfWrapper,acfWrapper
dalWrapper,dalWrapper
aooWrapper,aooWrapper
asnWrapper,asnWrapper
dqdWrapper,dqdWrapper
fbjWrapper,fbjWrapper
fncWrapper,fncWrapper
cadWrapper,cadWrapper
fcnWrapper,fcnWrapper
arjWrapper,arjWrapper
ankWrapper,ankWrapper
abbWrapper,abbWrapper
dlaWrapper,dlaWrapper
cqlWrapper,cqlWrapper
teWrapper,teWrapper
exoWrapper,exoWrapper
xlWrapper,xlWrapper
etfWrapper,etfWrapper
bikWrapper,bikWrapper
bebWrapper,bebWrapper
bycWrapper,bycWrapper
bujWrapper,bujWrapper
dmWrapper,dmWrapper
ehgWrapper,ehgWrapper
hdWrapper,hdWrapper
ednWrapper,ednWrapper
aarWrapper,aarWrapper
doqWrapper,doqWrapper
fpvWrapper,fpvWrapper
cbtWrapper,cbtWrapper
flwWrapper,flwWrapper
aqzWrapper,aqzWrapper
dspWrapper,dspWrapper
bvzWrapper,bvzWrapper
bzsWrapper,bzsWrapper
ktWrapper,ktWrapper
ekwWrapper,ekwWrapper
ewvWrapper,ewvWrapper
wuWrapper,wuWrapper
bfrWrapper,bfrWrapper
soWrapper,soWrapper
eslWrapper,eslWrapper
bnaWrapper,bnaWrapper
bbhWrapper,bbhWrapper
cgWrapper,cgWrapper
ecdWrapper,ecdWrapper
onWrapper,onWrapper
fhmWrapper,fhmWrapper
cfnWrapper,cfnWrapper
fddWrapper,fddWrapper
cjgWrapper,cjgWrapper
dwjWrapper,dwjWrapper
ayiWrapper,ayiWrapper
dgbWrapper,dgbWrapper
aiaWrapper,aiaWrapper
dkkWrapper,dkkWrapper
aehWrapper,aehWrapper
cvfWrapper,cvfWrapper
ftlWrapper,ftlWrapper
bqpWrapper,bqpWrapper
bmqWrapper,bmqWrapper
afxWrapper,afxWrapper
ajqWrapper,ajqWrapper
cuvWrapper,cuvWrapper
fgtWrapper,fgtWrapper
ciwWrapper,ciwWrapper
dxsWrapper,dxsWrapper
avpWrapper,avpWrapper
dtzWrapper,dtzWrapper
eqWrapper,eqWrapper
ixWrapper,ixWrapper
eerWrapper,eerWrapper
uyWrapper,uyWrapper
eysWrapper,eysWrapper
ypWrapper,ypWrapper
bhwWrapper,bhwWrapper
aowWrapper,aowWrapper
datWrapper,datWrapper
cppWrapper,cppWrapper
clqWrapper,clqWrapper
fbrWrapper,fbrWrapper
evjWrapper,evjWrapper
viWrapper,viWrapper
ezcWrapper,ezcWrapper
bkgWrapper,bkgWrapper
bwfWrapper,bwfWrapper
lWrapper,lWrapper
jhWrapper,jhWrapper
efbWrapper,efbWrapper
faWrapper,faWrapper
ejkWrapper,ejkWrapper
coaWrapper,coaWrapper
fabWrapper,fabWrapper
cchWrapper,cchWrapper
fmkWrapper,fmkWrapper
apfWrapper,apfWrapper
drlWrapper,drlWrapper
dnmWrapper,dnmWrapper
algWrapper,algWrapper
dbdWrapper,dbdWrapper
djwWrapper,djwWrapper
adtWrapper,adtWrapper
fyyWrapper,fyyWrapper
cwzWrapper,cwzWrapper
fupWrapper,fupWrapper
fiqWrapper,fiqWrapper
cgrWrapper,cgrWrapper
fexWrapper,fexWrapper
dvvWrapper,dvvWrapper
enqWrapper,enqWrapper
nrWrapper,nrWrapper
rsWrapper,rsWrapper
erpWrapper,erpWrapper
ffhWrapper,ffhWrapper
chkWrapper,chkWrapper
fjaWrapper,fjaWrapper
cdbWrapper,cdbWrapper
dyoWrapper,dyoWrapper
awlWrapper,awlWrapper
dufWrapper,dufWrapper
digWrapper,digWrapper
agdWrapper,agdWrapper
denWrapper,denWrapper
cxcWrapper,cxcWrapper
fziWrapper,fziWrapper
ctjWrapper,ctjWrapper
qcWrapper,qcWrapper
blmWrapper,blmWrapper
bplWrapper,bplWrapper
eahWrapper,eahWrapper
mbWrapper,mbWrapper
akWrapper,akWrapper
eleWrapper,eleWrapper
lfWrapper,lfWrapper
bqhWrapper,bqhWrapper
bmiWrapper,bmiWrapper
pgWrapper,pgWrapper
cunWrapper,cunWrapper
cygWrapper,cygWrapper
fwdWrapper,fwdWrapper
ajiWrapper,ajiWrapper
dhcWrapper,dhcWrapper
azaWrapper,azaWrapper
dtbWrapper,dtbWrapper
avhWrapper,avhWrapper
dxkWrapper,dxkWrapper
cefWrapper,cefWrapper
fkeWrapper,fkeWrapper
cioWrapper,cioWrapper
fglWrapper,fglWrapper
bbpWrapper,bbpWrapper
bnyWrapper,bnyWrapper
ovWrapper,ovWrapper
eouWrapper,eouWrapper
brxWrapper,brxWrapper
ayqWrapper,ayqWrapper
dwrWrapper,dwrWrapper
cfvWrapper,cfvWrapper
fhuWrapper,fhuWrapper
czwWrapper,czwWrapper
fttWrapper,fttWrapper
aepWrapper,aepWrapper
dksWrapper,dksWrapper
aiyWrapper,aiyWrapper
dgzWrapper,dgzWrapper
crdWrapper,crdWrapper
amcWrapper,amcWrapper
doiWrapper,doiWrapper
aajWrapper,aajWrapper
dshWrapper,dshWrapper
aqbWrapper,aqbWrapper
cblWrapper,cblWrapper
cneWrapper,cneWrapper
egfWrapper,egfWrapper
klWrapper,klWrapper
bzkWrapper,bzkWrapper
bvbWrapper,bvbWrapper
bjcWrapper,bjcWrapper
bfjWrapper,bfjWrapper
wmWrapper,wmWrapper
arrWrapper,arrWrapper
dpxWrapper,dpxWrapper
fcvWrapper,fcvWrapper
cmuWrapper,cmuWrapper
cqtWrapper,cqtWrapper
dlyWrapper,dlyWrapper
abzWrapper,abzWrapper
ansWrapper,ansWrapper
bisWrapper,bisWrapper
xtWrapper,xtWrapper
edvWrapper,edvWrapper
duWrapper,duWrapper
burWrapper,burWrapper
ereWrapper,ereWrapper
rfWrapper,rfWrapper
bcaWrapper,bcaWrapper
bohWrapper,bohWrapper
gakWrapper,gakWrapper
bsiWrapper,bsiWrapper
ngWrapper,ngWrapper
ebmWrapper,ebmWrapper
bnWrapper,bnWrapper
endWrapper,endWrapper
cknWrapper,cknWrapper
femWrapper,femWrapper
cggWrapper,cggWrapper
fidWrapper,fidWrapper
atiWrapper,atiWrapper
dzjWrapper,dzjWrapper
dvcWrapper,dvcWrapper
adaWrapper,adaWrapper
djbWrapper,djbWrapper
ahhWrapper,ahhWrapper
dfkWrapper,dfkWrapper
cwoWrapper,cwoWrapper
fylWrapper,fylWrapper
bpyWrapper,bpyWrapper
emtWrapper,emtWrapper
mwWrapper,mwWrapper
qvWrapper,qvWrapper
blxWrapper,blxWrapper
akxWrapper,akxWrapper
agqWrapper,agqWrapper
dirWrapper,dirWrapper
cxvWrapper,cxvWrapper
cdwWrapper,cdwWrapper
dusWrapper,dusWrapper
awyWrapper,awyWrapper
dyzWrapper,dyzWrapper
fbgWrapper,fbgWrapper
cldWrapper,cldWrapper
fnnWrapper,fnnWrapper
ascWrapper,ascWrapper
dqiWrapper,dqiWrapper
dmhWrapper,dmhWrapper
ackWrapper,ackWrapper
daaWrapper,daaWrapper
aobWrapper,aobWrapper
cpeWrapper,cpeWrapper
euoWrapper,euoWrapper
yeWrapper,yeWrapper
ulWrapper,ulWrapper
bhbWrapper,bhbWrapper
btcWrapper,btcWrapper
bxjWrapper,bxjWrapper
eegWrapper,eegWrapper
einWrapper,einWrapper
edWrapper,edWrapper
dbqWrapper,dbqWrapper
alrWrapper,alrWrapper
csuWrapper,csuWrapper
fawWrapper,fawWrapper
cotWrapper,cotWrapper
dryWrapper,dryWrapper
apsWrapper,apsWrapper
yWrapper,yWrapper
bwsWrapper,bwsWrapper
ftWrapper,ftWrapper
efwWrapper,efwWrapper
ezvWrapper,ezvWrapper
zuWrapper,zuWrapper
bkrWrapper,bkrWrapper
bjvWrapper,bjvWrapper
wxWrapper,wxWrapper
kyWrapper,kyWrapper
egsWrapper,egsWrapper
gpWrapper,gpWrapper
ekzWrapper,ekzWrapper
bvwWrapper,bvwWrapper
aqwWrapper,aqwWrapper
cnpWrapper,cnpWrapper
cbyWrapper,cbyWrapper
flzWrapper,flzWrapper
crqWrapper,crqWrapper
amvWrapper,amvWrapper
ehjWrapper,ehjWrapper
hiWrapper,hiWrapper
edcWrapper,edcWrapper
bynWrapper,bynWrapper
bugWrapper,bugWrapper
bifWrapper,bifWrapper
beoWrapper,beoWrapper
thWrapper,thWrapper
xaWrapper,xaWrapper
etkWrapper,etkWrapper
cqaWrapper,cqaWrapper
fskWrapper,fskWrapper
anfWrapper,anfWrapper
dllWrapper,dllWrapper
dpmWrapper,dpmWrapper
argWrapper,argWrapper
caiWrapper,caiWrapper
fccWrapper,fccWrapper
dtwWrapper,dtwWrapper
aztWrapper,aztWrapper
fgyWrapper,fgyWrapper
cizWrapper,cizWrapper
fkpWrapper,fkpWrapper
cesWrapper,cesWrapper
fwqWrapper,fwqWrapper
cyrWrapper,cyrWrapper
dhvWrapper,dhvWrapper
afuWrapper,afuWrapper
bauWrapper,bauWrapper
epqWrapper,epqWrapper
prWrapper,prWrapper
lsWrapper,lsWrapper
fxhWrapper,fxhWrapper
cvkWrapper,cvkWrapper
czbWrapper,czbWrapper
dgoWrapper,dgoWrapper
ailWrapper,ailWrapper
dkfWrapper,dkfWrapper
aeeWrapper,aeeWrapper
dwgWrapper,dwgWrapper
aumWrapper,aumWrapper
cfcWrapper,cfcWrapper
fdiWrapper,fdiWrapper
cjjWrapper,cjjWrapper
cjWrapper,cjWrapper
eciWrapper,eciWrapper
ocWrapper,ocWrapper
brmWrapper,brmWrapper
bnlWrapper,bnlWrapper
bbeWrapper,bbeWrapper
sbWrapper,sbWrapper
esaWrapper,esaWrapper
anWrapper,anWrapper
kbWrapper,kbWrapper
hrWrapper,hrWrapper
bhaWrapper,bhaWrapper
enrWrapper,enrWrapper
eheWrapper,eheWrapper
cjhWrapper,cjhWrapper
rlWrapper,rlWrapper
ajeWrapper,ajeWrapper
aprWrapper,aprWrapper
aoiWrapper,aoiWrapper
fzoWrapper,fzoWrapper
kaWrapper,kaWrapper
swWrapper,swWrapper
sjWrapper,sjWrapper
adqWrapper,adqWrapper
gkWrapper,gkWrapper
ahkWrapper,ahkWrapper
fypWrapper,fypWrapper
badWrapper,badWrapper
ennWrapper,ennWrapper
adrWrapper,adrWrapper
ffeWrapper,ffeWrapper
fgaWrapper,fgaWrapper
aheWrapper,aheWrapper
cmmWrapper,cmmWrapper
arwWrapper,arwWrapper
aqrWrapper,aqrWrapper
apiWrapper,apiWrapper
jjWrapper,jjWrapper
cxaWrapper,cxaWrapper
atvWrapper,atvWrapper
awkWrapper,awkWrapper
avdWrapper,avdWrapper
apjWrapper,apjWrapper
vpWrapper,vpWrapper
aimWrapper,aimWrapper
aqiWrapper,aqiWrapper
avcWrapper,avcWrapper
aqqWrapper,aqqWrapper
apkWrapper,apkWrapper
czoWrapper,czoWrapper
acWrapper,acWrapper
Utils,Utils
fzcWrapper,fzcWrapper
aflWrapper,aflWrapper
fxvWrapper,fxvWrapper
ewfWrapper,ewfWrapper
fpfWrapper,fpfWrapper
fsvWrapper,fsvWrapper
fowWrapper,fowWrapper
brpWrapper,brpWrapper
frrWrapper,frrWrapper
fqbWrapper,fqbWrapper
ezkWrapper,ezkWrapper
ftiWrapper,ftiWrapper
fpsWrapper,fpsWrapper
ewsWrapper,ewsWrapper
fobWrapper,fobWrapper
frgWrapper,frgWrapper
evwWrapper,evwWrapper
fqwWrapper,fqwWrapper
fpkWrapper,fpkWrapper
ewkWrapper,ewkWrapper
ftqWrapper,ftqWrapper
fuuWrapper,fuuWrapper
fmnWrapper,fmnWrapper
fqoWrapper,fqoWrapper
etnWrapper,etnWrapper
fooWrapper,fooWrapper
fqzWrapper,fqzWrapper
eycWrapper,eycWrapper
fvpWrapper,fvpWrapper
fjqWrapper,fjqWrapper
ektWrapper,ektWrapper
ewuWrapper,ewuWrapper
ftoWrapper,ftoWrapper
fraWrapper,fraWrapper
fqqWrapper,fqqWrapper
evqWrapper,evqWrapper
jsWrapper,jsWrapper
elkWrapper,elkWrapper
fspWrapper,fspWrapper
foqWrapper,foqWrapper
eiuWrapper,eiuWrapper
frtWrapper,frtWrapper
fqdWrapper,fqdWrapper
foiWrapper,foiWrapper
exaWrapper,exaWrapper
fpxWrapper,fpxWrapper
ewxWrapper,ewxWrapper
frlWrapper,frlWrapper
ewmWrapper,ewmWrapper
fpmWrapper,fpmWrapper
fryWrapper,fryWrapper
fnxWrapper,fnxWrapper
euyWrapper,euyWrapper
frsWrapper,frsWrapper
fqcWrapper,fqcWrapper
fpgWrapper,fpgWrapper
fovWrapper,fovWrapper
etwWrapper,etwWrapper
ellWrapper,ellWrapper
frfWrapper,frfWrapper
eyoWrapper,eyoWrapper
fqvWrapper,fqvWrapper
jtWrapper,jtWrapper
epxWrapper,epxWrapper
focWrapper,focWrapper
fsbWrapper,fsbWrapper
emeWrapper,emeWrapper
fqnWrapper,fqnWrapper
ewjWrapper,ewjWrapper
fpjWrapper,fpjWrapper
elaWrapper,elaWrapper
eybWrapper,eybWrapper
frkWrapper,frkWrapper
fteWrapper,fteWrapper
fsoWrapper,fsoWrapper
fonWrapper,fonWrapper
exfWrapper,exfWrapper
evpWrapper,evpWrapper
jrWrapper,jrWrapper
fqpWrapper,fqpWrapper
fptWrapper,fptWrapper
foeWrapper,foeWrapper
fsdWrapper,fsdWrapper
ftnWrapper,ftnWrapper
fruWrapper,fruWrapper
eveWrapper,eveWrapper
ezlWrapper,ezlWrapper
fvoWrapper,fvoWrapper
fkjWrapper,fkjWrapper
epkWrapper,epkWrapper
ewaWrapper,ewaWrapper
fpaWrapper,fpaWrapper
fsqWrapper,fsqWrapper
fopWrapper,fopWrapper
eqwWrapper,eqwWrapper
fjvWrapper,fjvWrapper
ergWrapper,ergWrapper
fsiWrapper,fsiWrapper
fohWrapper,fohWrapper
ekxWrapper,ekxWrapper
fdkWrapper,fdkWrapper
ezaWrapper,ezaWrapper
fqhWrapper,fqhWrapper
frxWrapper,frxWrapper
eowWrapper,eowWrapper
ftvWrapper,ftvWrapper
epfWrapper,epfWrapper
fplWrapper,fplWrapper
fsaWrapper,fsaWrapper
fpqWrapper,fpqWrapper
evuWrapper,evuWrapper
fquWrapper,fquWrapper
freWrapper,freWrapper
fouWrapper,fouWrapper
ewdWrapper,ewdWrapper
fuzWrapper,fuzWrapper
frpWrapper,frpWrapper
frhWrapper,frhWrapper
evxWrapper,evxWrapper
fpiWrapper,fpiWrapper
ewiWrapper,ewiWrapper
eqgWrapper,eqgWrapper
evmWrapper,evmWrapper
fqmWrapper,fqmWrapper
eoyWrapper,eoyWrapper
ephWrapper,ephWrapper
eliWrapper,eliWrapper
fosWrapper,fosWrapper
etrWrapper,etrWrapper
fpbWrapper,fpbWrapper
ewbWrapper,ewbWrapper
fqfWrapper,fqfWrapper
fnwWrapper,fnwWrapper
frvWrapper,frvWrapper
fpwWrapper,fpwWrapper
ftmWrapper,ftmWrapper
fqsWrapper,fqsWrapper
evsWrapper,evsWrapper
jqWrapper,jqWrapper
frcWrapper,frcWrapper
ftuWrapper,ftuWrapper
ewoWrapper,ewoWrapper
fpoWrapper,fpoWrapper
exvWrapper,exvWrapper
fnzWrapper,fnzWrapper
eyrWrapper,eyrWrapper
fmjWrapper,fmjWrapper
fqkWrapper,fqkWrapper
ewzWrapper,ewzWrapper
fsjWrapper,fsjWrapper
fokWrapper,fokWrapper
fvtWrapper,fvtWrapper
eunWrapper,eunWrapper
evtWrapper,evtWrapper
frdWrapper,frdWrapper
eudWrapper,eudWrapper
foaWrapper,foaWrapper
flqWrapper,flqWrapper
fqaWrapper,fqaWrapper
euqWrapper,euqWrapper
frqWrapper,frqWrapper
fotWrapper,fotWrapper
elnWrapper,elnWrapper
friWrapper,friWrapper
evyWrapper,evyWrapper
fqyWrapper,fqyWrapper
fvsWrapper,fvsWrapper
folWrapper,folWrapper
eyuWrapper,eyuWrapper
fmmWrapper,fmmWrapper
fqlWrapper,fqlWrapper
exqWrapper,exqWrapper
fsxWrapper,fsxWrapper
cceWrapper,cceWrapper
evgWrapper,evgWrapper
fnvWrapper,fnvWrapper
frwWrapper,frwWrapper
euwWrapper,euwWrapper
eqmWrapper,eqmWrapper
fvmWrapper,fvmWrapper
fkhWrapper,fkhWrapper
fpcWrapper,fpcWrapper
eniWrapper,eniWrapper
jpWrapper,jpWrapper
fqrWrapper,fqrWrapper
frbWrapper,frbWrapper
fogWrapper,fogWrapper
fsfWrapper,fsfWrapper
euzWrapper,euzWrapper
frzWrapper,frzWrapper
fqjWrapper,fqjWrapper
epdWrapper,epdWrapper
fpnWrapper,fpnWrapper
ewnWrapper,ewnWrapper
exwWrapper,exwWrapper
fvuWrapper,fvuWrapper
fjtWrapper,fjtWrapper
froWrapper,froWrapper
eyfWrapper,eyfWrapper
exbWrapper,exbWrapper
fojWrapper,fojWrapper
elpWrapper,elpWrapper
ftaWrapper,ftaWrapper
aziWrapper,aziWrapper
askWrapper,askWrapper
aytWrapper,aytWrapper
ayjWrapper,ayjWrapper
asmWrapper,asmWrapper
azoWrapper,azoWrapper
ardWrapper,ardWrapper
azwWrapper,azwWrapper
azbWrapper,azbWrapper
czkWrapper,czkWrapper
asrWrapper,asrWrapper
arcWrapper,arcWrapper
axoWrapper,axoWrapper
arhWrapper,arhWrapper
aykWrapper,aykWrapper
aubWrapper,aubWrapper
asyWrapper,asyWrapper
aznWrapper,aznWrapper
deyWrapper,deyWrapper
aquWrapper,aquWrapper
ayfWrapper,ayfWrapper
axwWrapper,axwWrapper
azcWrapper,azcWrapper
aifWrapper,aifWrapper
asiWrapper,asiWrapper
axjWrapper,axjWrapper
agnWrapper,agnWrapper
axrWrapper,axrWrapper
ffoWrapper,ffoWrapper
azxWrapper,azxWrapper
ateWrapper,ateWrapper
auyWrapper,auyWrapper
axtWrapper,axtWrapper
azuWrapper,azuWrapper
ayeWrapper,ayeWrapper
athWrapper,athWrapper
beqWrapper,beqWrapper
aseWrapper,aseWrapper
aqdWrapper,aqdWrapper
azgWrapper,azgWrapper
acsWrapper,acsWrapper
azlWrapper,azlWrapper
axmWrapper,axmWrapper
asvWrapper,asvWrapper
axuWrapper,axuWrapper
aydWrapper,aydWrapper
